#{"t_start": 1775824073.5823617, "env_id": "None"}
r,l,t
-11.780158,12,3.740176
6.216708,12,3.864411
-4.239068,20,4.068735
-23.186351,12,4.195146
-20.17721,12,4.330096
-9.378544,12,4.459295
-9.919243,12,4.588191
-9.942756,12,4.719622
-21.713504,12,4.846519
-14.975237,12,4.976099
-15.577747,12,5.105395
-14.956198,12,5.238479
-14.852184,12,5.366669
8.657781,12,5.488039
-17.541796,12,5.614698
-15.114924,12,5.736464
18.596684,12,5.862746
-8.844977,12,5.991642
-10.809593,12,6.114106
-0.870839,12,6.245622
-13.583709,12,6.52455
15.601219,12,6.647084
-17.185936,12,6.772343
1.99537,12,6.900276
20.995588,12,7.027082
-2.987287,12,7.151443
36.717973,50,7.696125
-15.907858,12,7.8251
-6.433493,12,7.954095
-12.395463,12,8.078174
9.569158,12,8.213563
-32.775966,108,9.583038
-15.588763,12,9.705417
-16.774339,12,9.827519
-5.61751,12,9.955853
-18.542449,12,10.082916
-12.240205,12,10.207233
-3.714532,12,10.340309
2.53133,41,10.765563
3.099688,12,10.891076
-9.83745,12,11.020269
-9.320648,12,11.149522
-7.454294,12,11.281323
-19.924958,12,11.410814
7.955966,12,11.533329
66.979685,140,13.226535
11.129942,12,13.362967
7.976497,12,13.487054
-18.077995,12,13.625585
9.085831,12,13.774039
-3.899575,23,14.014684
-0.162309,12,14.141156
-3.229429,12,14.277402
-19.658439,12,14.403106
-18.734742,12,14.536161
-19.712335,12,14.662833
0.540003,12,14.7876
-10.211804,12,14.912491
-12.986619,12,15.041491
11.42188,12,15.352042
-0.80411,12,15.476616
-3.67822,12,15.601448
-16.312752,12,15.732855
-9.910408,12,15.858236
50.544982,26,16.135955
-12.91097,12,16.263739
-2.693597,32,16.612077
-2.286144,12,16.739446
-15.704577,12,16.866278
1.729027,12,16.992114
-24.005964,12,17.116989
-14.282695,12,17.243594
-16.12565,12,17.381596
-20.483627,12,17.511047
-6.102657,31,17.836497
82.911234,140,19.403665
-21.497327,12,19.53258
199.699738,114,20.756488
-21.750149,12,21.022632
-19.048989,12,21.146499
-19.161988,12,21.276679
-14.180769,12,21.402875
88.097154,53,21.99031
8.359914,12,22.113359
-19.711112,12,22.24104
-7.984756,12,22.365401
-15.155706,12,22.493176
9.449129,12,22.624235
-20.183076,12,22.750447
-15.872505,12,22.874715
-30.023965,33,23.23396
-21.027319,12,23.357945
-15.524325,12,23.482239
-16.282422,12,23.611164
13.96524,30,24.074651
-1.55469,16,24.246269
4.726204,12,24.369337
6.484285,12,24.491892
-19.652076,12,24.621863
-14.796775,12,24.748178
-8.708603,12,24.876331
-16.803134,12,24.999387
56.320813,24,25.254908
7.17639,12,25.377421
-12.204213,12,25.504401
-0.381066,12,25.634537
-15.795291,12,25.759683
9.562868,12,25.883763
-9.474563,12,26.006354
-0.735286,12,26.136243
-19.038852,12,26.266004
-11.762888,12,26.392371
-5.211736,12,26.514871
-14.756503,12,26.785342
-23.770232,23,27.031314
40.030413,140,28.670929
-12.76442,12,28.798143
-5.564603,12,28.929876
-20.516972,12,29.059196
-3.707095,12,29.18601
42.596822,45,29.785067
-22.76514,12,29.941216
-22.384139,12,30.070562
43.837344,26,30.338464
-17.671192,12,30.47605
-15.517472,12,30.603138
-21.369341,12,30.728253
-3.241557,33,31.074314
-16.583511,12,31.201751
4.511036,48,31.693736
-14.996565,12,31.820415
-15.688797,12,31.952554
-10.014863,12,32.080876
-6.584631,12,32.203464
-1.700997,13,32.335384
-17.459944,12,32.64458
-10.37952,12,32.768154
-15.530616,12,32.901674
-10.980251,12,33.026066
-20.821648,12,33.150733
-14.80163,12,33.292122
-13.441988,12,33.416171
-20.414718,12,33.540723
-11.257509,12,33.66463
7.210493,12,33.787634
-9.631838,12,33.922269
-20.959276,12,34.049061
-20.802076,12,34.174231
9.834182,12,34.303157
116.519949,140,36.022219
17.546826,12,36.150296
-15.745537,12,36.279942
141.12899,132,37.710209
-11.254771,12,37.848758
16.002177,12,37.975223
-16.168951,12,38.10745
-15.263813,12,38.238869
-20.597593,12,38.483143
102.493784,140,40.022247
-16.812492,12,40.146616
-11.451762,12,40.272358
-16.865041,12,40.39837
-10.70641,13,40.539834
8.415515,12,40.667098
-7.479231,12,40.794828
8.807616,12,40.930836
-16.610533,12,41.056725
-15.984505,12,41.183568
-18.040397,12,41.42308
-9.748585,12,41.553623
9.685712,12,41.682053
21.56195,12,41.806927
-1.596165,12,41.931058
11.714989,12,42.058355
18.717749,12,42.185227
-8.313039,12,42.30797
-12.375382,12,42.43161
-10.974414,12,42.555629
7.605467,12,42.678933
-10.15958,12,42.805184
-0.300995,12,42.929403
-19.957555,12,43.060317
-21.476301,12,43.180083
16.461722,12,43.307082
-17.14036,12,43.431499
-10.38587,12,43.566859
9.756093,12,43.697231
-22.019934,12,43.82024
-20.024611,12,43.943151
4.445009,16,44.292438
-9.058174,12,44.417114
-4.021184,12,44.55014
-12.578832,12,44.674139
-18.292448,12,44.803831
-20.457803,32,45.150109
-15.991587,12,45.271444
-21.311171,12,45.393725
8.013248,12,45.520517
-10.584598,12,45.644804
-20.759937,12,45.767032
-21.619965,12,45.895518
-1.755457,21,46.111753
-10.35052,12,46.237201
-13.353853,12,46.363832
-13.090975,12,46.487951
14.199094,140,48.223145
-16.717538,28,48.518366
-20.065231,12,48.64304
3.176693,43,49.104256
-14.933996,12,49.225444
-13.51823,21,49.442595
-21.045305,12,49.567764
-7.251022,18,49.751938
-11.254316,12,50.049306
7.333944,12,50.169737
-21.416654,12,50.299479
2.607121,12,50.425923
-11.873367,12,50.551023
-12.108675,12,50.677036
-9.366995,12,50.801833
-13.947162,12,50.927024
8.577332,12,51.052099
-16.636675,12,51.175324
-22.709289,28,51.458915
-21.03479,19,51.655207
-11.066049,12,51.78135
-8.522152,12,51.904717
9.639679,12,52.027538
-15.944246,12,52.157046
-16.703591,12,52.282121
6.708021,12,52.405477
7.08276,12,52.530406
-16.558952,12,52.653459
-14.553334,12,52.910508
-9.414162,12,53.034397
6.187918,12,53.161542
-15.259386,12,53.293931
9.361109,12,53.418645
-6.600341,12,53.545176
9.053142,12,53.670684
-38.508628,41,54.09367
-20.437845,12,54.21939
-14.548996,12,54.350086
-1.727713,12,54.474499
-18.655536,12,54.598066
-4.709985,62,55.241173
-12.447354,12,55.371814
-30.405168,36,55.895771
-7.60865,12,56.017453
-14.902586,12,56.143103
0.391203,12,56.269396
-20.159486,12,56.393424
-12.103729,12,56.520101
-15.200447,12,56.644771
-20.012689,12,56.769289
127.611528,140,59.896284
-19.474972,12,60.155252
-2.255838,12,60.282372
-20.086713,12,60.413576
-13.997466,12,60.540841
-15.469299,12,60.670092
9.925472,12,60.797372
-15.67064,12,60.924294
-18.53721,12,61.052733
-9.951147,12,61.178362
-19.245659,41,63.540377
-9.456182,76,64.358768
-16.482952,12,64.491366
-17.844511,12,64.617696
-18.519349,12,64.74204
-40.570445,37,65.322042
171.731305,130,66.681149
-21.612369,12,66.80609
-15.006897,12,66.931595
7.178802,12,67.056532
-15.206393,20,67.268134
-37.732769,39,67.846507
-12.287725,12,67.971315
-16.948072,12,68.097255
-15.548697,12,68.22457
-18.55511,12,68.351097
-15.264545,12,68.477067
-18.109005,12,68.612008
11.164907,12,68.737274
-6.424308,16,68.901556
149.445421,138,70.407877
44.546637,100,71.607147
-4.386652,12,71.732449
-15.799837,12,71.85765
-16.003692,12,71.98012
-11.772783,12,72.100718
-19.011867,12,72.222262
-14.878351,12,72.354316
131.34879,97,73.548865
-17.592275,12,73.670222
1.613311,12,73.796441
8.238313,12,73.936096
107.93167,59,74.567358
-12.705805,140,76.143201
89.245725,46,76.821004
-17.245129,12,76.943211
-2.038652,12,77.077685
-16.21897,12,77.201254
-16.79966,12,77.334539
-15.23571,12,77.463291
-18.003373,12,77.5918
51.158956,35,77.962501
-5.424257,12,78.08955
-10.101615,12,78.218324
-11.015131,12,78.348964
-21.442948,12,78.472154
-13.928358,24,78.730778
-15.681062,12,78.85921
-14.599663,70,79.802652
-41.637445,53,80.405709
-17.653681,12,80.540233
-15.008732,12,80.666476
8.856203,12,80.794397
-11.097458,12,80.92248
-11.684047,16,81.090061
-16.526843,12,81.217404
-11.791809,12,81.353251
-18.133993,12,81.482662
6.661991,12,81.615763
-17.114923,12,81.747195
-22.823251,12,81.875844
-12.071138,12,82.001591
-19.62011,12,82.127626
-17.84562,12,82.262491
-18.089806,12,82.573112
-19.858719,12,82.697104
16.241101,24,82.94555
-15.73793,12,83.069849
-17.699047,12,83.190022
8.945739,12,83.312466
-14.744104,12,83.444801
-20.185596,44,83.931789
-9.829643,12,84.06712
-10.436541,12,84.194888
20.420958,12,84.321727
9.489237,12,84.442612
-3.157578,12,84.566585
-2.8934,12,84.689618
-10.121352,12,84.816095
-17.854091,12,84.95312
-9.167073,12,85.078166
7.304231,12,85.346934
157.162387,140,86.833422
-11.472797,12,86.956416
1.770674,21,87.188342
-11.484641,23,87.43281
-8.461813,12,87.558628
115.124963,140,89.282883
-20.005214,12,89.411355
-13.243933,12,89.538914
-5.740669,12,89.666558
-20.506768,12,89.792446
-8.595206,37,90.190586
-14.314519,32,90.516076
-19.559664,12,90.640839
-11.945532,12,90.765296
-16.598846,12,90.89929
21.095726,12,91.189927
-2.685028,12,91.314195
-4.506958,12,91.439034
-16.628459,12,91.564189
-14.97951,12,91.688613
-12.568152,12,91.813912
31.595967,46,92.294911
-13.194383,12,92.421166
-48.413998,46,92.912119
-22.572059,12,93.045162
-6.585355,12,93.176479
45.338596,46,93.648463
-11.420803,12,93.773785
42.104694,140,95.516209
-16.151822,12,95.64243
-18.13989,12,95.76732
-2.780475,12,95.898015
-13.876028,31,96.213254
8.576634,12,96.339479
-37.407852,52,97.028399
-18.261577,12,97.155256
-18.915577,12,97.296444
-4.324358,12,97.430103
-16.892704,12,97.561131
-22.744192,12,97.693432
44.120513,101,98.810866
9.545916,12,98.944756
13.318699,12,99.076383
-3.978254,13,99.220124
-18.533956,12,99.350241
9.354659,12,99.4796
-19.369917,12,99.619413
-11.063613,12,99.749588
16.711576,12,100.079683
-16.713294,12,100.204214
19.277903,12,100.333655
-15.923922,12,100.459975
7.375321,12,100.585766
-2.698785,12,100.714267
-14.48375,12,100.839879
78.216583,81,101.71938
-15.609474,12,101.845374
-11.121768,12,101.9721
-19.639486,44,102.425592
8.745754,68,103.262057
178.399879,140,104.712233
8.40276,12,104.834149
-15.58689,12,104.96231
-10.969511,12,105.087036
-6.543164,12,105.215071
6.110895,12,105.335928
-1.400283,18,105.697104
-14.724163,12,105.818011
-10.642198,12,105.942207
-20.663588,12,106.068556
-15.245615,12,106.191127
-21.544827,12,106.318027
-20.439841,12,106.440304
-14.424988,12,106.567077
-16.489976,12,106.693046
-9.393228,12,106.819686
-18.377488,12,106.940732
-17.686466,12,107.065762
-20.523303,12,107.192364
8.469138,12,107.322899
-16.200621,12,107.448039
-16.042789,12,107.578003
15.974933,12,107.702434
12.001091,12,107.832887
8.968571,12,107.959141
-1.901101,12,108.084267
-47.898651,60,108.817076
-12.796369,12,108.94155
-15.694192,12,109.066986
-18.920208,12,109.192611
-1.376191,61,109.824968
-12.333534,12,109.951833
-15.513779,12,110.079948
-2.331845,12,110.21338
-9.018815,12,110.340677
11.824975,20,110.550903
-17.050935,12,110.674469
1.414937,12,110.799318
-57.214282,55,111.506437
-11.939116,12,111.631346
-13.13568,12,111.757013
9.853661,28,112.050472
-16.729675,12,112.175567
-5.637662,76,112.954525
-10.427278,12,113.079659
62.611928,29,113.394239
-16.637876,12,113.525397
-15.549578,12,113.651301
4.23289,12,113.772439
-13.780114,12,113.897733
-20.4665,12,114.199981
-10.091633,12,114.325592
0.511862,20,114.537915
-12.71164,12,114.662641
-15.670867,12,114.785781
59.783188,140,116.340292
-14.015105,12,116.462093
-22.151811,22,116.693855
-16.377788,12,116.816826
10.312377,12,117.105456
-8.764597,12,117.238007
-8.417874,12,117.364674
4.43769,12,117.491008
-14.484544,12,117.616712
-15.495478,12,117.741906
-16.033593,12,117.864666
10.057371,12,117.994316
-18.443161,12,118.126536
-0.684641,12,118.248845
-15.300744,12,118.373141
-10.322494,12,118.505762
11.695359,12,118.631069
-17.686245,12,118.753753
-16.136895,12,118.879176
-33.61422,43,119.352656
11.569662,12,119.477179
-10.973151,12,119.605624
-0.458198,12,119.904396
22.477065,111,122.459829
1.268804,12,122.586414
-15.946423,12,122.712552
-18.402262,12,122.835441
-14.772203,12,122.960826
-5.136185,13,123.093362
-21.235922,12,123.21941
-10.804119,12,123.344981
-20.573147,12,123.473688
-17.40336,15,123.632329
-21.384576,12,123.755843
-0.887259,12,123.877877
-11.027168,12,124.173337
-14.5094,12,124.299126
-11.28504,12,124.420248
-9.805884,12,124.547056
-25.260967,21,124.774279
-16.892557,12,124.903048
-11.816748,12,125.031932
-0.103205,31,125.365603
-14.960154,12,125.491064
158.29459,140,127.13849
-11.320341,28,127.435953
-12.637938,22,127.665645
-20.108659,12,127.790669
-36.212995,41,128.228311
1.333437,16,129.996493
-11.392305,12,130.125049
-17.323037,12,130.254922
8.587887,12,130.383627
9.508351,12,130.506958
8.614837,12,130.632602
34.571364,65,131.3019
-9.733987,12,131.566456
-12.930882,18,131.748163
2.551347,12,131.871992
-15.640191,12,131.995243
-14.90905,12,132.127565
1.442739,12,132.260703
-16.94932,12,132.391115
-13.217235,12,132.519935
-15.959098,12,132.662758
-25.475315,26,132.93509
-14.400502,12,133.059391
-15.14684,12,133.185585
98.978747,140,134.89156
-18.172943,12,135.017149
-3.723506,31,135.341189
-18.658246,12,135.464681
-10.978671,12,135.591196
8.457383,12,135.714926
-3.264713,12,135.840839
-6.522028,12,135.966631
-15.770708,64,136.631325
-17.94782,12,136.755332
-4.34778,19,136.949258
-16.893065,12,137.221184
20.228443,12,137.343563
-14.759906,12,137.46995
-9.885816,12,137.610224
-14.863399,12,137.738322
-6.155004,12,137.863693
-15.467106,12,137.986827
-15.60755,12,138.115209
-10.244779,12,138.242474
-9.113517,12,138.381335
-15.275845,12,138.518121
-19.893957,12,138.671334
10.017023,12,138.796652
-1.989362,12,138.923645
-23.595092,25,139.188898
-17.006736,12,139.31702
-18.011163,12,139.445217
8.816578,12,139.571036
-20.851169,12,139.700574
-16.034273,12,139.827639
-10.282441,12,139.955235
-16.17757,12,140.225039
-20.464099,12,140.351067
-17.460451,12,140.474041
8.965178,12,140.600652
-16.346568,12,140.725942
-15.89361,12,140.849038
84.287934,41,141.287912
-15.880209,12,141.412518
-24.740601,30,141.770979
-21.376812,12,141.897985
72.772018,52,142.464674
1.29191,12,142.587344
18.566304,27,143.000431
-16.651954,12,143.123661
-17.742247,12,143.250381
-18.955975,17,143.434126
20.109473,12,143.560372
-5.85042,34,143.911508
-14.768619,12,144.040221
-17.30315,12,144.167106
-20.785778,12,144.299882
3.375101,12,144.424403
-21.209121,12,144.553015
-2.940871,12,144.676392
-12.029139,12,144.800714
-19.046618,12,144.926375
37.406004,140,146.648649
-9.793733,12,146.774981
-20.432775,12,146.90064
-20.206799,12,147.026271
-12.431177,12,147.153934
-12.849125,12,147.283751
-15.130252,12,147.412191
30.578732,140,149.151311
-7.674773,12,149.278862
-16.57167,33,149.6176
-6.232517,26,149.878541
-11.277576,12,150.003987
-18.021114,12,150.130578
-18.24742,12,150.260279
-15.391675,12,150.384825
-10.398116,12,150.50791
-9.474182,12,150.63642
-11.716966,12,150.758498
-16.463359,12,150.884802
-22.698939,12,151.009975
-5.289827,12,151.135649
-10.874639,12,151.265185
-19.60344,18,151.46224
-16.014794,12,151.760085
-17.748864,23,152.007205
-9.34125,12,152.134382
-17.517944,12,152.260276
0.053235,12,152.404989
-10.906332,12,152.526711
9.302735,12,152.660429
-14.53076,12,152.791614
-9.808138,12,152.919919
-18.885398,12,153.054398
-12.640854,12,153.180792
-21.993967,12,153.306894
-14.988941,12,153.444143
-19.175069,12,153.569148
-15.929373,12,153.708651
14.739427,12,153.829418
103.187313,140,155.572509
19.693991,12,155.70396
-15.632161,12,155.825803
46.001798,28,156.119739
-21.31097,12,156.250531
-19.378291,12,156.377278
-8.691988,12,156.506871
-15.520709,12,156.631577
-10.570226,12,156.756014
-4.120371,12,156.887543
-20.968023,12,157.014272
-5.996008,12,157.139391
-15.999089,12,157.266796
-20.786174,12,157.392167
-21.040267,12,157.655436
5.403207,12,157.778825
-22.038181,12,157.904581
-15.435991,12,158.031379
234.425173,140,159.621382
-20.453786,12,159.745868
-18.42267,140,161.496964
-9.854041,12,161.624177
-10.104244,12,161.749085
3.13215,14,161.891183
-21.934023,12,162.018393
-19.464116,12,162.141467
-12.927637,12,162.269134
-15.566349,12,162.389273
16.517419,12,162.511968
-14.322936,12,162.638415
-11.775574,12,162.766381
-1.91119,12,162.891113
-3.596908,12,163.016565
-17.787622,12,163.140542
-17.809186,12,163.270714
-14.241047,12,163.541613
-22.381411,23,163.777914
2.923388,12,163.90544
-15.332861,12,164.029985
-18.896705,12,164.157062
1.224815,12,164.281793
-5.531431,12,164.404957
-20.07371,12,164.531311
-7.594024,12,164.658867
-15.091388,12,164.7847
23.923727,59,165.389529
-14.143161,12,165.515593
-12.377821,12,165.642702
-16.322155,35,165.998869
-21.288483,12,166.127522
-13.21067,12,166.383395
-15.163254,12,166.507239
-10.687721,12,166.634434
9.681818,12,166.759297
-15.388337,12,166.890127
-21.410273,12,167.014785
-2.721096,12,167.141124
-2.081822,12,167.270419
-21.837038,12,167.396712
146.883645,82,168.325649
-1.95381,12,168.449164
-17.365667,12,168.572372
-14.395207,12,168.701777
-20.465807,12,168.826937
-20.994102,12,168.952778
-19.969966,12,169.214045
-12.844743,22,169.444285
-5.823385,12,169.570622
-11.090268,12,169.696939
-10.162358,12,169.823731
-16.574997,12,169.950767
-11.293674,12,170.074143
-16.779753,12,170.201956
-19.465477,12,170.326195
-12.60768,12,170.453025
-18.501244,23,170.69921
-20.679606,12,170.823375
-12.617264,12,170.945177
-14.58379,12,171.07115
-16.058313,12,171.19834
9.095581,12,171.328763
-7.548836,12,171.452187
-8.728179,12,171.580307
-15.896666,12,171.704266
-16.70886,12,171.827239
-10.304871,16,172.140996
-17.25646,12,172.268967
4.8147,12,172.39246
-17.665838,12,172.516679
-3.168062,12,172.640131
-17.615162,12,172.763177
-15.720523,12,172.890283
-1.300169,12,173.016276
-8.962003,12,173.142927
-19.333017,12,173.275347
-21.763801,12,173.402201
12.675755,12,173.527266
-16.062527,12,173.652738
-19.78974,12,173.777904
9.694059,12,173.901402
-21.694484,12,174.03104
-22.357291,12,174.159673
-4.790136,12,174.296828
7.115299,12,174.41896
-19.68345,12,174.544574
-11.811391,12,174.670636
-15.338432,12,174.946461
-11.38689,25,175.204649
-21.831921,12,175.33487
39.013539,76,176.124492
-15.802864,12,176.254842
-18.66675,12,176.380554
-15.376941,21,176.598424
2.523188,12,176.722844
-11.884524,12,176.8509
-21.371404,12,176.976926
-12.221185,12,177.101871
8.839278,12,177.23743
-13.040257,12,177.366607
-20.778585,12,177.493301
-10.066899,12,177.794644
-11.241895,12,177.919981
-32.783729,46,178.409957
-21.014016,12,178.53505
-1.911618,12,178.660937
-18.40976,12,178.793949
-21.615534,12,178.918392
-13.256648,26,179.185632
-7.390208,12,179.314903
16.973853,12,180.045905
-20.203517,12,180.170761
-1.454015,30,180.483083
-3.691733,12,180.609986
-11.686633,12,180.735607
-16.830583,12,180.861762
4.631132,12,180.987172
-1.727078,57,181.715978
-16.973151,12,181.83991
-12.261722,12,181.965348
4.79774,12,182.089916
-13.292079,12,183.836416
-12.027326,12,183.959984
-19.926614,12,184.086356
-7.483515,12,184.211372
-12.999893,12,184.337731
-18.39973,12,184.465781
-9.475917,13,184.602832
-3.515665,12,184.731219
8.31354,12,184.85646
-18.960794,12,184.981363
-17.049739,12,185.109537
19.654673,27,185.386782
-21.920486,12,185.65718
-15.300102,12,185.778553
-11.915807,35,186.160165
-15.616084,12,186.284593
-22.09682,12,186.407259
-17.315813,12,186.544276
-9.308195,12,186.67236
8.594294,12,186.796237
-17.09117,12,186.922446
-22.251464,12,187.049397
-15.553468,12,187.172855
8.711132,18,187.363965
-27.60041,61,188.001524
-15.298393,12,188.130054
-16.624781,12,188.258227
-18.455397,12,188.511707
13.597564,12,188.638033
-6.180207,12,188.761358
-16.626936,12,188.884878
9.492973,12,189.010628
-15.333769,12,189.137604
-13.755682,12,189.266301
-0.4031,12,189.389276
83.460632,42,189.840968
-19.744818,12,189.96294
-20.679808,18,190.153191
-7.301743,12,190.293955
17.582678,12,190.420551
0.067648,12,190.547632
-15.844847,12,190.672749
-15.710099,12,190.798326
-9.890578,29,191.105501
-10.891925,35,191.625607
19.827602,12,191.770512
-11.966945,12,191.8941
-10.232039,12,192.021114
-1.493923,12,192.149713
-2.853548,12,192.282369
-17.945246,12,192.421753
10.2445,12,192.559576
52.610723,24,192.83766
38.018815,27,193.124649
-14.646443,12,193.254984
21.730122,12,193.382248
-20.573774,12,193.512144
-36.568801,32,193.853549
-16.834817,12,193.97827
-15.307468,12,194.105886
-16.591245,12,194.406756
-0.01394,12,194.542942
-19.611489,12,194.668058
-0.860777,12,194.794713
153.482726,97,195.854551
-13.007541,12,195.97888
-20.784439,12,196.106288
18.583229,55,196.71547
-19.742004,12,196.838422
-1.569056,12,196.960642
3.656419,12,197.230686
-21.488481,12,197.354883
-17.521593,12,197.482613
-19.299447,12,197.608273
-15.629624,12,197.731023
6.349367,12,197.856275
-12.859571,31,198.185306
-15.015867,12,198.329854
48.129395,32,198.670161
-1.873639,12,198.796258
-14.467122,12,198.924032
-13.334051,12,199.050072
-3.193506,36,199.444805
-10.46235,12,199.570203
-12.298042,12,199.696269
-16.256681,33,200.204714
12.668785,12,200.342075
21.403428,12,200.466643
10.801374,12,200.593848
-4.428616,12,200.719912
-8.609933,12,200.842208
-3.464824,18,201.037712
-20.889086,12,201.168088
-11.734894,12,201.304743
-2.726305,12,201.428566
-16.081229,13,201.578511
-11.613809,12,201.711155
-8.795961,20,201.916336
-10.419621,12,202.046226
90.668495,140,203.728939
9.326003,12,203.854
20.551252,12,203.97948
-2.071951,19,204.187417
-14.199365,12,204.319679
-17.530184,12,204.441904
160.175374,97,205.552104
-50.899976,59,206.312973
21.256624,52,206.845385
8.801601,12,206.969797
-20.178126,12,207.09567
8.24832,12,207.22371
-5.779036,12,207.348068
-2.232885,12,207.474798
-12.999185,12,207.604133
-0.695772,12,207.728096
-12.258499,12,207.857002
38.725156,74,208.643488
-16.087656,12,208.885202
-13.313869,12,209.01067
34.775708,68,209.730762
-16.94564,12,209.85772
-12.679778,12,209.987088
-17.785385,12,210.117512
-0.48801,12,210.246663
-14.870856,12,210.375372
-12.569655,12,210.500932
9.474021,12,210.626466
97.273641,87,211.757452
-11.509391,12,211.884614
181.910886,140,213.332124
-13.318915,12,213.460657
-19.350347,12,213.591178
-20.598028,12,213.718135
-27.221429,27,213.996604
90.590339,71,214.855653
-5.014571,12,214.979397
9.847862,12,215.106089
-19.732957,12,215.237088
-21.861843,12,215.366672
-10.966149,12,215.495042
-15.793314,12,215.623622
46.261103,21,215.846177
-1.718667,12,215.968907
-17.72007,12,216.091485
-13.78902,12,216.222864
43.592018,89,217.16674
138.689421,66,218.019603
-15.060472,12,218.143358
14.683646,12,218.275746
245.474091,140,219.853802
-14.693301,12,219.975494
57.125294,25,220.39629
-12.02702,12,220.525052
-14.675977,12,220.658951
-18.297599,12,220.790267
31.859279,45,221.289889
-9.678961,12,221.41702
56.232726,51,221.943283
-16.686845,12,222.07037
-10.702337,12,222.193963
10.03153,12,222.32082
-19.636738,12,222.445372
-19.219608,12,222.570153
8.462292,12,222.692616
239.945272,140,224.445858
-27.453963,67,225.192723
-10.854594,12,225.317246
-15.116671,12,225.440852
-16.063357,96,226.594866
-9.562798,12,226.722113
-17.346224,12,226.851072
142.502513,69,227.608388
-19.001044,12,227.737143
-15.935744,12,227.867052
70.048833,45,228.353574
-4.070097,13,228.485587
-14.123152,12,228.61504
-17.098618,12,228.745945
95.586695,140,230.400797
-14.922494,12,230.529384
4.938958,12,230.656295
-17.430659,12,230.783233
-12.678408,12,230.908311
-16.632197,12,231.029831
7.718052,12,231.154361
9.573427,12,231.280326
-9.844089,12,231.401829
11.78408,12,231.525085
-18.540936,12,231.651913
-15.551522,12,231.777598
-19.415226,12,232.068362
-15.890863,12,232.19501
4.608359,14,232.346738
-11.841372,12,232.472547
-10.11358,12,232.596757
0.108562,12,232.723245
-16.209334,12,232.85148
-16.190186,12,232.975222
-5.386771,12,233.099443
17.774418,12,233.227982
-16.755727,12,233.356225
-20.726584,12,233.481408
-11.241282,23,233.722005
-13.590408,12,233.846812
-9.917525,25,234.112037
19.439929,12,234.240611
-17.124163,12,234.365016
-21.316392,12,234.493016
-31.287329,72,235.416895
9.571167,12,235.542931
7.032535,12,235.666201
-14.546027,12,235.791134
-20.073742,12,235.915324
-11.142663,12,236.062444
-14.893669,12,236.187789
-1.926157,12,236.320319
-13.041321,12,236.448728
-8.537245,12,236.572682
-1.069108,12,236.697495
-16.31738,12,236.824958
-11.16609,12,236.954422
-10.350491,12,237.079872
-11.700498,12,237.210171
-21.420581,12,237.337366
-12.690295,31,237.790507
58.147284,118,242.444227
85.552877,140,244.125186
-14.51458,12,244.262541
126.486664,95,245.313367
-15.206455,12,245.434719
9.877989,12,245.576784
80.029857,39,245.996897
-17.431461,12,246.120785
178.798692,140,247.759367
11.688207,12,247.892779
-16.556603,12,248.018504
-11.490335,12,248.144477
-7.570879,12,248.27526
-41.964083,51,248.809709
-17.277241,12,248.939096
-18.644653,35,249.312595
38.179108,140,251.057165
0.342038,22,251.285459
82.393249,53,251.842931
52.337906,74,252.767364
-20.379767,12,252.890378
-1.109842,12,253.019661
-18.93242,12,253.198753
-17.784626,12,253.334106
-0.785543,20,253.55607
-18.506152,12,253.68017
50.090216,39,254.080615
-10.663314,12,254.204283
11.870557,46,254.690544
10.654578,12,254.814621
2.189206,12,254.939089
-14.982455,12,256.502867
-18.342785,12,256.633179
63.059682,140,258.377119
-14.893383,12,258.500565
55.026494,75,259.296374
-13.865386,12,259.420591
-14.770423,12,259.547026
-20.469057,12,259.670221
-15.404239,12,259.802208
-13.009146,12,260.059866
-1.125718,12,260.184329
-16.046032,12,260.315814
99.660345,140,261.887241
8.869357,12,262.010518
-22.117397,12,262.138638
-18.220682,12,262.265475
-0.505084,12,262.405048
228.917538,140,264.14034
-20.366995,12,264.264944
12.322898,12,264.391669
-12.711313,12,264.519533
-17.724819,12,264.651941
15.80686,41,265.074775
-20.099797,12,265.196449
-17.941836,12,265.32448
-18.606505,12,265.452193
-21.410278,12,265.577147
-19.032315,12,265.701836
-16.763279,12,265.964367
-9.691472,12,266.103984
-12.620321,12,266.231057
20.05161,12,266.360462
-17.503654,12,266.484463
122.11573,140,267.968888
7.900018,12,268.09943
0.193244,12,268.225768
-19.443605,12,268.353862
7.248426,12,268.47808
-19.369031,12,268.611356
-2.276275,12,268.88737
19.175683,12,269.01066
-10.992476,47,269.502732
-8.790365,12,269.629499
7.605054,12,269.754181
-15.666667,12,269.877917
-18.827795,12,270.003939
182.367488,140,271.615204
8.864742,12,271.908175
224.22687,124,273.290445
-17.718768,12,273.414463
-15.661869,12,273.542069
-16.4467,12,273.666744
8.934337,12,273.795622
-13.374348,12,273.923825
-16.483733,12,274.046456
1.069807,12,274.191671
-5.048449,12,274.318555
-16.889947,12,274.439366
-10.773162,12,274.565255
-11.404112,12,274.844796
-9.108693,12,274.96931
-16.744152,12,275.088841
-12.38207,12,275.215429
-10.768425,12,275.339392
-20.870833,12,275.462708
8.499052,12,275.589823
40.269171,75,276.386586
-11.785058,12,276.509034
-17.007115,12,276.634711
7.377986,12,276.757078
9.319753,12,276.885637
-11.576793,12,277.010895
-19.210726,12,277.13548
-17.139452,12,277.26124
-15.232039,12,277.387723
-16.886336,12,277.674719
-16.892242,12,277.798947
-20.507501,12,277.923984
-20.341937,12,278.050478
-13.227026,12,278.175864
-24.599225,12,278.305365
20.186869,12,278.430927
-12.905196,12,278.556677
-20.65427,12,278.689027
-5.321094,12,278.815712
-20.203841,12,278.939451
-13.816133,12,279.066623
-6.469,49,279.574635
-6.226937,12,279.699224
-12.343751,12,279.826623
1.251309,140,281.592905
-13.888182,12,281.717825
1.951414,12,281.844525
-8.099076,29,282.160142
-5.631919,12,282.290953
20.130866,12,282.415237
-12.889528,12,282.540074
-13.481688,12,282.666678
9.56829,12,282.792324
-15.259958,12,282.917846
-10.321995,12,283.042866
-8.851567,12,283.170278
-14.669222,12,283.432714
-16.664707,12,283.55612
8.883475,12,283.678679
-2.890036,12,283.803785
-14.560953,12,283.935867
20.698698,12,284.057973
8.424816,12,284.189204
-2.47466,12,284.318098
72.930475,140,285.845609
-19.423111,12,285.966682
-20.798876,12,286.091545
-19.600335,12,286.343735
7.787247,12,286.468485
-18.962138,12,286.600217
-16.872807,12,286.736023
-15.096162,12,286.863797
61.999097,39,287.315775
-14.588551,12,287.439498
-11.578995,12,287.567097
-10.211313,12,287.690238
-13.368893,12,287.818912
-14.393661,12,287.946588
97.549416,46,288.460287
-15.443742,12,288.588079
-10.140717,12,288.7147
-12.393475,12,288.841222
-10.698542,12,288.968819
-14.339672,12,289.230053
-16.638952,12,289.352583
-8.787399,42,289.803201
6.180341,12,289.929228
12.87948,12,290.05339
-22.065821,12,290.177475
-12.960737,15,290.336844
-12.563244,12,290.462173
-15.291579,12,290.589355
-15.853327,12,290.715771
-18.470728,12,290.838935
-1.274964,12,290.962361
-15.022634,51,291.488904
-20.927073,12,291.616909
-3.270668,29,292.073733
-10.758442,12,292.201293
-22.523245,12,292.333799
-14.160999,12,292.459282
-15.595419,12,292.59219
-19.467098,12,292.716943
7.955581,12,292.842454
-22.446733,12,292.967401
-5.207283,12,293.091513
90.722553,66,293.808507
-9.492353,12,293.930071
131.704023,140,295.590246
-4.552344,12,295.721991
-16.18482,12,295.851171
-11.107889,12,295.975888
-3.498249,12,296.105619
-2.75976,12,296.235729
-9.252122,14,296.386744
-2.872228,35,296.755417
-9.340686,12,296.882469
-11.981394,12,297.003881
8.484693,12,297.132528
82.128034,48,297.816736
-11.335871,25,298.073555
-12.91304,12,298.202041
-20.096209,12,298.335088
-13.0988,27,298.618741
-15.223129,12,298.745686
-16.511411,12,298.873608
-24.014294,12,298.997285
18.259157,72,301.864628
9.572253,12,302.000077
-16.712804,12,302.127417
-0.915313,12,302.255877
20.627191,12,302.385292
-22.913842,12,302.511871
-11.085896,12,302.778285
8.594217,12,302.899047
-12.689463,12,303.025562
-22.146376,12,303.154187
6.887766,12,303.281473
4.082906,12,303.411551
-12.303309,12,303.539805
-21.159733,12,303.665105
-16.012866,12,303.793225
55.146978,44,304.251092
-19.519129,21,304.475108
-17.105964,12,304.596933
-14.300459,12,304.722536
10.280299,12,304.85086
-11.303253,12,304.975986
-11.052749,12,305.102924
-15.320153,16,305.276073
-13.851759,12,305.404496
-12.978343,12,305.687295
-13.533121,12,305.812722
-10.228291,12,305.944324
-15.300361,12,306.073455
-17.028065,12,306.202345
76.02122,69,306.964479
-11.767379,12,307.092557
-17.708021,12,307.218967
-0.154781,12,307.34546
-2.975088,12,307.47262
-13.852724,12,307.600827
-11.533397,12,307.730322
-15.074581,12,307.865519
-15.533889,12,307.993608
17.487074,12,308.121217
-10.531508,12,308.248339
-20.418839,12,308.375746
9.264188,12,308.640101
2.211261,12,308.765148
-4.225296,12,308.893387
-13.921489,12,309.020998
-18.163243,12,309.147362
-17.030898,12,309.27078
-20.499828,12,309.398661
-16.104469,12,309.527175
11.611915,12,309.654131
1.56846,48,310.149663
-10.908475,12,310.277006
123.57323,81,311.116343
13.172091,12,311.414263
6.910882,12,311.534184
9.367329,12,311.662402
8.641508,12,311.789395
-7.433258,12,311.916332
-12.174976,12,312.0413
-12.204816,12,312.169857
-18.248209,12,312.299722
-6.508614,12,312.421286
-11.45181,12,312.550173
-11.221861,12,312.679954
-10.097929,12,312.80332
-15.017854,12,312.929098
-25.207918,44,313.401901
105.256914,140,314.987412
-2.78616,12,315.111828
-14.96037,12,315.240754
11.52159,12,315.368265
-13.122532,12,315.509913
-18.445781,12,315.633861
-13.363725,12,315.761091
-12.817253,12,315.886979
-17.217196,12,316.009027
-16.817963,12,316.135129
-21.765061,12,316.261843
-10.704732,12,316.387878
-10.740374,12,316.512839
9.195143,12,316.640773
-24.150014,12,316.769659
-11.31602,20,317.13904
-16.277661,12,319.097938
-7.61597,12,319.226549
-16.34702,12,319.356001
53.509157,26,319.624865
10.285521,12,319.748872
-20.613158,12,319.877182
-20.753399,12,320.003417
-0.478668,12,320.127746
-19.084694,40,320.544642
9.564331,12,320.670454
8.752047,12,320.79512
-1.925561,12,320.919859
98.007635,44,321.396742
-14.521298,12,321.524014
-17.191864,12,321.780602
-15.460207,12,321.908435
-11.231527,12,322.037177
-24.180761,17,322.214597
-20.2761,12,322.342123
-1.536147,99,323.371208
0.196327,40,323.785055
-16.329699,21,323.999942
-6.406481,12,324.127244
-12.241786,12,324.252881
-22.617682,12,324.377424
-27.413634,115,325.736283
7.82093,12,325.861243
-12.411909,12,325.985561
-10.74588,12,326.115176
-9.533638,13,326.252303
-1.289016,12,326.376575
-2.308897,12,326.500146
-4.072269,12,326.626656
-16.172922,12,326.751086
-11.482787,25,327.012573
1.632931,12,327.142914
-9.623047,12,327.444325
-14.959715,12,327.57638
8.243725,12,327.70752
-9.129072,12,327.831728
2.746412,140,329.379237
-0.92367,12,329.50334
-17.035761,12,329.630742
-11.577556,12,329.759983
-11.143742,12,329.887886
-11.362701,12,330.015259
11.205728,12,330.142167
-14.867296,12,330.412685
19.990982,12,330.537737
-26.558316,26,330.805987
-22.952748,12,330.929738
-9.250985,12,331.05448
61.572369,32,331.399138
-15.254577,12,331.521606
-6.646678,37,331.905866
-13.088404,12,332.031819
-20.109933,21,332.255356
-5.831295,12,332.378893
-10.724359,12,332.504066
-20.3078,12,332.631843
-0.249328,12,332.756376
-10.739324,12,332.887878
-20.895344,12,333.152518
-1.605367,12,333.275766
-19.208573,12,333.405627
-11.797444,12,333.527888
-34.586968,45,333.993482
-7.353986,12,334.117161
-15.921409,12,334.240935
7.082873,15,334.396163
0.848968,69,335.108796
-20.074375,12,335.232483
-9.403528,12,335.357476
8.816808,12,335.484585
105.390001,140,337.17678
19.874271,12,337.303594
63.470551,42,337.752177
-16.976155,12,337.876351
-15.858728,12,338.003498
78.983846,53,338.577873
-49.507285,129,340.099627
-20.344038,12,340.226939
2.45939,12,340.35069
-38.402866,40,340.778819
-14.893541,12,340.90119
-21.107205,12,341.021656
47.124023,35,341.3878
-17.94984,12,341.511788
-14.215651,12,341.774027
-20.127512,12,341.895149
-15.004907,12,342.020523
-11.053738,12,342.148649
-16.149285,12,342.275506
-15.438654,12,342.400377
-18.738016,12,342.522475
-8.041316,12,342.64915
-0.911479,12,342.776902
-17.433462,14,342.927372
-21.134951,12,343.059975
-3.14418,12,343.185765
-15.987756,12,343.314099
-7.752178,12,343.443636
9.423313,12,343.568964
-24.689708,134,345.159893
-11.915107,12,345.288169
57.267036,127,346.670501
-20.59032,12,346.794259
3.972572,12,346.923255
90.436019,77,347.872895
-19.930789,12,347.997005
-22.278579,12,348.123533
-10.719,12,348.249656
20.405358,12,348.377916
-22.060818,12,348.507624
-12.176354,12,348.631527
16.942879,12,348.75629
-3.996997,12,348.894523
-0.466783,12,349.019438
-20.060355,12,349.145779
-12.737488,12,349.272346
102.278223,49,349.809112
-19.501333,12,349.93396
-14.448814,12,350.059911
-10.796257,12,350.188805
-13.888826,35,350.704018
-19.584861,12,350.831332
3.030801,7,350.910037
-69.049355,98,351.934039
-19.813026,12,352.062627
7.439675,90,353.008409
81.198513,72,353.906919
-21.332613,12,354.030795
-13.560142,12,354.163749
-30.987753,32,354.499586
0.92265,12,354.628055
-15.339478,12,354.755711
-16.128424,12,354.881766
29.186585,112,356.203611
-12.234375,12,356.332474
11.780777,12,356.456928
-13.760162,112,357.652747
-16.799229,12,357.782297
-18.118239,12,357.91555
-10.602339,12,358.041234
148.619528,140,361.829893
-12.78371,12,361.955131
-8.99254,12,362.083588
-16.853498,12,362.208911
18.233902,12,362.338223
-18.426289,12,362.46278
-16.992997,12,362.58806
-12.179026,12,362.71223
71.747511,62,363.366205
9.731316,12,363.490884
42.39408,111,364.830728
-20.510311,12,364.960056
-37.783959,43,365.408556
-15.977174,12,365.536259
-12.306909,12,365.660913
-19.3642,18,365.853895
-28.498752,75,366.782057
-25.255451,27,367.062072
-10.377014,12,367.187786
-6.294243,12,367.32727
-20.357959,12,367.456168
-0.382742,12,367.585429
-12.892816,12,367.710574
-1.237011,12,367.850342
-14.337914,12,367.977594
16.307834,12,368.108165
-23.793993,12,368.23105
-16.268307,12,368.358267
27.690865,34,368.716127
1.19057,12,368.840007
-19.01746,12,368.966708
-13.049571,12,369.090539
-13.45969,12,369.216983
-9.558314,12,369.346901
23.299607,52,370.043579
-10.186876,12,370.16897
-19.572984,12,370.296255
-15.10172,12,370.421099
-10.164776,12,370.545466
-25.518064,140,372.111478
-18.409954,12,372.239717
-13.123201,12,372.360689
-14.586223,12,372.60571
-13.955506,12,372.728078
-22.045872,12,372.858543
-15.631418,12,372.986797
-15.232935,12,373.118697
-14.845281,12,373.245073
-14.748595,12,373.370138
0.829478,12,373.493952
-19.523657,12,373.622045
-48.872654,44,374.097858
-13.725847,12,374.228855
-9.929912,12,374.36354
2.789234,12,374.495167
-42.916941,52,375.041857
-14.037466,47,375.689775
9.210473,12,375.81764
-81.648166,128,377.175072
-8.979089,12,377.300392
-10.051417,12,377.426547
-9.394783,12,377.555543
-4.445964,12,377.685898
-19.729744,12,377.81078
-23.530298,26,378.101482
-11.934493,18,378.419734
40.773957,88,379.406161
-15.62344,12,379.533283
-62.606548,136,380.95213
-15.884794,12,381.205893
-21.689804,12,381.331581
9.393135,12,381.456558
-20.556847,12,381.585355
86.305814,66,382.278302
-10.542853,12,382.400154
-16.488774,12,382.522872
-9.481705,12,382.648428
-10.235759,12,382.772288
-15.329048,12,382.898506
-11.627181,12,383.026736
-9.943326,12,383.153944
-5.160168,140,384.892301
35.708037,54,385.458322
7.608983,12,385.583389
0.305196,12,385.708374
-14.336596,12,385.832184
-17.246072,43,386.278683
-14.97357,12,386.402324
-10.210119,12,386.528581
9.050608,12,386.656438
-20.667656,12,386.781904
-10.761066,12,387.042609
-1.313734,12,387.168415
-22.765519,52,387.715762
61.099767,27,388.007271
-21.592179,17,388.193951
-13.878145,12,388.325004
-17.164222,12,388.449496
56.932961,56,389.028247
-14.266195,12,389.157641
133.006577,140,390.736346
-12.216824,12,390.859304
-17.710365,46,391.344065
-20.374882,12,391.466657
-10.341321,12,391.591296
56.291769,128,393.094539
-15.149764,12,393.22141
-10.133305,12,393.348893
13.654147,12,393.475577
-16.643363,12,393.600067
-14.847542,12,393.725479
8.001607,12,393.851004
-7.46607,12,395.556899
-18.474203,12,395.684058
-18.385037,12,395.811568
-17.653071,12,395.945084
7.94251,12,396.071166
-14.26288,12,396.192049
-2.589335,12,396.323886
-25.109085,140,398.110298
-10.64125,12,398.235183
-6.614099,12,398.367554
-16.746515,65,399.045182
-15.365884,12,399.168567
7.272059,12,399.296873
-16.066018,12,399.422478
-11.618429,12,399.546796
20.062992,12,399.670879
223.359258,132,401.320226
-14.104717,27,401.601207
-20.125123,12,401.72856
-17.733206,12,401.853304
-21.668395,12,401.977839
-16.989785,39,402.381328
-3.596574,21,402.605867
-17.685976,38,403.135332
9.108666,12,403.262943
-17.821292,12,403.389282
-14.306883,12,403.51315
-35.181029,35,403.874189
-20.632543,12,403.995322
8.901103,12,404.127484
-42.761846,65,404.825652
-9.358304,12,404.948128
3.35396,12,405.078822
9.182615,63,405.927016
-14.081199,12,406.05652
-23.428091,12,406.181617
-18.508815,12,406.309768
-12.396115,12,406.433115
6.715158,12,406.557552
-2.925268,12,406.68253
-6.79053,12,406.808235
-6.3872,13,406.946115
19.673447,12,407.073304
-10.225863,12,407.197477
-5.856145,12,407.328284
-11.104132,12,407.458134
8.012439,12,407.585151
11.173855,12,407.712038
-16.026543,12,407.8431
114.317663,74,408.78579
-13.644205,12,408.911098
-15.76212,12,409.040528
-39.572302,47,409.541506
-16.120573,12,409.667422
18.39144,12,409.792818
-0.922795,12,409.920148
-12.409986,12,410.042307
-15.584508,12,410.167361
17.08318,12,410.296724
-14.703058,12,410.422137
-3.467678,12,410.551737
-21.026003,12,410.672532
-11.975356,12,410.799553
-12.526049,12,410.922884
-6.487635,12,411.048357
-14.865597,12,411.17325
-17.952006,12,411.300882
-16.273265,12,411.612293
9.982841,12,411.734068
-31.106114,37,412.135258
-32.015372,34,412.499227
-3.351922,12,412.625134
8.269735,12,412.752597
-16.147334,39,413.164255
-12.268161,12,413.290404
63.318296,36,413.674604
-15.942177,12,413.798267
-19.952331,12,413.922619
-13.094077,12,414.045254
-14.641184,12,414.172469
10.936843,12,414.445115
-10.904581,12,414.576044
-16.376346,12,414.704428
119.401442,101,415.810513
1.755421,31,416.139074
-15.959296,12,416.271182
-27.383351,35,416.651414
-8.831547,31,416.976223
-17.41864,12,417.100837
-15.928127,12,417.353094
-16.244441,67,418.074426
-2.625576,12,418.199346
-11.598843,12,418.327875
-14.812593,12,418.453537
2.481618,5,418.505393
-21.070958,12,418.63121
-19.118341,53,419.17855
7.183809,12,419.911196
-23.773023,12,420.03649
-19.795707,12,420.168605
-9.806458,12,420.298175
2.847042,49,420.966279
-16.220587,12,421.08993
-10.467237,12,421.215395
-5.383187,12,421.341805
-7.615667,12,421.466047
-10.990303,12,421.593359
27.973917,60,422.218103
88.026491,140,423.973707
92.648153,140,425.547752
-14.621015,12,425.674322
-18.367488,12,425.800258
-15.951364,12,425.925992
-44.013594,63,426.703297
-19.860177,12,426.829868
-12.721217,12,426.958491
-2.780268,12,427.08472
-14.723683,12,427.209819
-15.178436,12,427.338639
5.738145,12,427.466225
-25.776517,66,428.156005
-9.505399,12,428.282963
86.372929,140,429.955312
-17.014343,12,430.079144
-12.003801,12,430.203285
-33.046284,36,430.578153
-12.992358,12,430.717004
-4.123183,12,430.890466
-11.973287,12,431.031679
-11.508701,12,431.168699
-17.05654,12,431.330148
-15.741957,12,431.459223
-17.581538,12,431.587132
-10.380703,12,431.715473
-14.074396,12,431.853019
-6.593893,12,431.988532
-20.371717,12,432.12121
-11.95767,12,432.256127
-9.705428,12,432.392385
-20.176112,12,432.682826
-16.650209,12,432.808589
-14.264464,12,432.940898
-11.192147,12,433.065629
-14.992003,12,433.202937
-17.380468,12,433.330343
10.97365,12,433.456586
-11.615726,12,433.583827
-13.456201,12,433.71997
8.644551,12,433.855546
14.3771,23,434.126335
-16.296502,12,434.261005
3.537292,12,434.41799
-21.97892,12,434.560877
-21.95899,12,434.703691
14.559291,12,434.838135
-6.887967,12,434.964869
-27.16475,99,436.169212
-15.351035,24,436.42132
9.738075,12,436.550332
-3.306319,12,436.67674
-14.560643,12,436.801385
-21.08922,12,436.926327
-24.116069,12,437.057984
-70.734969,82,437.906273
159.020977,107,439.186727
-12.327563,12,439.314241
-18.328689,12,439.451334
101.132853,75,440.257221
72.438283,140,441.943067
-19.467972,12,442.066486
-14.25716,12,442.199922
-20.782902,12,442.327832
9.361479,12,442.459527
-12.375438,12,442.589259
-9.520177,12,442.717453
-11.36104,12,442.84858
3.187018,12,442.982575
-2.903446,12,443.111468
-22.391627,12,443.258945
-16.601013,12,443.387133
-19.733529,12,443.512214
-19.676427,12,443.651915
-11.461346,12,443.791417
-2.085348,12,443.922075
115.816934,110,445.29283
-14.385689,12,445.419261
-12.192431,12,445.551393
-19.676483,12,445.674947
-15.412707,12,445.798124
-15.722964,12,445.925335
4.372007,12,446.051908
11.349556,12,446.176652
19.219742,12,446.30308
-8.295421,12,446.431659
8.642487,12,446.555759
12.893407,12,446.679021
-21.663569,12,446.803513
-9.385267,12,446.94855
-19.942622,12,447.217978
-19.767654,12,447.344378
-16.263,38,447.747738
-19.883236,12,447.874952
101.552022,140,449.473868
-18.981274,12,449.608228
-13.958036,53,450.363449
20.47557,12,450.492696
4.306114,12,450.6185
10.656865,12,450.74828
-11.083205,12,450.875751
-16.402114,12,451.003513
-17.334843,12,451.127242
-43.923164,52,451.694489
-4.421727,12,451.829835
-12.033128,12,451.955539
43.624263,26,452.231048
-3.940837,12,452.366385
-12.857949,12,452.487992
-15.857035,12,452.611827
21.541457,12,452.738106
-15.831863,12,452.865701
-17.024273,12,453.150648
98.084384,48,453.701442
-15.540654,12,453.826517
-14.272754,12,453.951617
-1.683728,12,454.078772
-23.147871,19,454.294788
-20.029608,12,454.423348
-1.579698,12,454.548337
8.421105,12,454.67619
18.858069,12,454.799989
9.494154,12,454.932488
-18.33895,12,455.058132
151.309609,140,456.65437
7.324289,12,456.77786
-13.276924,23,457.017055
52.980855,24,457.273418
-25.158989,126,458.626853
-11.918563,12,458.87179
-19.801532,12,458.999885
-2.4729,12,459.135186
-42.220723,50,459.675905
-24.499635,12,459.804966
17.254576,140,461.441975
-10.869718,12,461.566153
-12.219863,12,461.689354
-21.075673,12,461.948577
-14.314619,12,462.072777
-16.565982,12,462.217989
59.730261,50,462.761199
-10.379311,12,462.887643
-13.34982,37,463.282318
-11.694072,12,463.414104
-17.355328,12,463.547527
169.31315,140,465.207678
-18.620823,12,465.337192
42.925269,111,466.564774
-4.616837,12,468.443314
6.040082,12,468.574506
106.765268,140,470.327022
-19.661175,12,470.455215
-23.059817,21,470.692036
-11.090764,12,470.818417
-14.994861,12,470.943858
-15.304279,12,471.080909
-4.378949,12,471.21184
-10.050719,12,471.34127
-19.646875,12,471.477431
-17.437439,12,471.606948
93.647915,140,473.347066
-11.345358,12,473.481766
9.583031,12,473.610505
-10.444017,12,473.740687
-3.290922,12,473.870062
9.91726,12,473.993002
-20.880495,12,474.129548
-6.916172,12,474.263804
-16.860961,12,474.388002
-1.733438,29,474.701584
-19.563599,12,474.83131
-17.501434,12,474.955129
-9.521874,64,475.782183
-13.634261,46,476.280264
-16.989565,12,476.412173
-15.270458,12,476.548198
-19.99854,12,476.670989
-14.454475,37,477.070705
-5.753576,12,477.200842
-12.432735,12,477.334012
125.65085,140,479.010669
-20.87058,12,482.438609
14.491796,58,483.048909
-15.339992,12,483.177022
-13.088487,12,483.305784
-18.588116,12,483.430126
-1.602084,12,483.559802
10.300019,12,483.688057
-7.065066,12,483.813329
-2.922275,12,483.940108
-16.851882,12,484.066985
-21.290795,54,484.812709
-20.799868,12,484.937321
-14.593305,12,485.060292
-12.995891,12,485.185481
-11.712407,12,485.33006
-19.336628,12,485.461107
-19.384736,12,485.585967
-8.877238,12,485.709463
-10.173599,12,485.842018
-18.497349,12,485.970775
67.897108,34,486.353549
2.754548,12,486.481353
-20.778516,12,486.616037
18.801018,12,486.744339
-18.285104,12,486.873507
-8.226926,12,487.012946
-24.731144,12,487.138011
-9.223762,12,487.273003
-0.648198,12,487.545981
-10.744172,12,487.674105
-15.500408,12,487.81379
-17.762919,12,487.941679
-17.884465,12,488.073363
-11.001295,12,488.210772
-7.763486,12,488.338759
-29.003614,38,488.739812
-19.507118,12,488.891202
-19.77415,12,489.014461
85.674764,140,490.797087
-20.542003,12,490.924424
-15.060538,12,491.052286
77.159494,38,491.500887
16.771061,12,491.633732
-22.205328,12,491.758813
-9.944547,12,491.892219
-10.766938,12,492.016421
26.253908,140,493.732773
40.354292,28,494.062401
9.617903,12,494.197037
-19.807933,12,494.3363
62.567321,40,494.80628
-13.258171,12,494.928838
7.779075,12,495.052033
-20.258257,12,495.176206
-13.060701,12,495.307758
8.374414,12,495.430914
37.636813,111,496.843238
106.653796,140,498.428578
-9.605449,15,498.583272
-13.929444,12,498.710338
-22.013267,12,498.833583
-9.098569,12,498.954163
-7.551906,12,499.076749
-13.247588,12,499.201581
-19.393122,78,500.201362
154.667182,140,501.677152
-17.824602,12,501.799793
-22.965197,12,501.922828
-0.43204,12,502.047465
-20.172516,12,502.179932
-20.196932,44,502.811264
-31.480411,49,503.323891
-2.561356,12,503.449729
-12.048336,12,503.578263
-14.807515,12,503.704447
6.47548,12,503.832454
-10.184665,12,503.961256
-0.501512,36,504.350098
-13.448381,12,504.475878
-54.73046,84,505.511115
-9.251296,12,505.638478
18.111709,45,506.106916
-20.163422,12,506.231786
-2.520557,12,506.354517
9.607039,44,506.812984
-15.921795,12,506.93942
-18.222826,12,507.066915
-18.289745,12,507.193293
-11.294657,12,507.320312
-12.677536,12,507.444422
-19.748235,12,507.57214
-15.364605,12,507.703416
-17.683471,12,507.828728
-22.267544,12,507.955026
-20.441951,12,508.223238
107.444479,78,509.087068
-13.836346,12,509.222449
25.953623,32,509.558629
-14.688528,12,509.688586
-20.178597,12,509.814259
8.421889,12,509.937661
-20.988574,12,510.065834
-16.755636,12,510.198246
-15.24823,12,510.326131
21.15283,12,510.451875
-11.660603,12,510.577508
-9.096485,12,510.707585
-5.495597,12,510.836428
85.822463,140,512.536283
3.943224,12,512.663027
-11.670135,23,512.903129
11.972227,12,513.027635
-21.358362,12,513.156631
83.64858,52,513.735497
-15.336515,12,514.016839
-5.64354,12,514.140076
-11.639613,12,514.268367
-13.529868,15,514.432033
-6.341445,57,515.055984
16.57395,12,515.184199
-20.055797,12,515.310729
-16.665786,12,515.440258
-60.721767,82,516.302087
-21.489546,12,516.427354
-5.271559,12,516.557736
0.313266,28,517.019269
7.121086,25,517.282474
-7.418429,12,517.409864
-10.838699,12,517.537284
-18.791793,12,517.665524
-15.599255,12,517.791781
-14.322602,12,517.922821
108.626415,140,519.492954
-14.706777,12,519.621828
-23.380069,72,520.538152
-20.778261,12,520.662273
-16.474469,12,520.789186
-36.042384,140,522.347488
-14.646339,12,522.473884
-3.040949,12,522.597132
-12.201491,12,522.882192
-28.766585,140,524.476798
114.993598,140,526.069936
116.102842,111,527.269555
-10.065367,12,527.395808
-10.852384,12,527.521971
85.673376,43,527.998088
-3.919673,12,528.129479
10.380444,12,528.256784
-18.204398,12,528.380209
-11.892059,12,528.653383
-30.643918,36,529.029328
-21.966382,12,529.153322
-20.093753,12,529.281988
-14.873724,12,529.40507
-10.129412,12,529.531536
-18.405916,12,529.656199
94.973114,114,530.860249
-15.708481,12,530.987864
-15.593631,12,531.114864
-3.468383,12,531.241424
20.361395,12,531.510493
-30.85549,33,531.862323
-9.8142,12,531.984884
-10.840256,12,532.112857
9.057171,12,532.240942
-11.975906,12,532.364349
-6.162033,12,532.490229
-1.093059,12,532.618632
-12.437306,12,532.744668
8.594557,12,532.87182
-14.508704,12,533.002796
-6.065203,29,533.305617
-2.271141,12,533.430991
-26.121089,23,533.702004
-22.983845,12,533.854504
-15.971615,12,533.98337
-1.357032,48,534.681686
-11.11764,12,534.819013
9.769137,12,534.950404
-15.146095,12,535.077575
-10.122906,12,535.206731
-16.985487,12,535.339758
-16.567198,12,535.465457
-13.361427,69,536.196886
-31.144528,52,536.753793
-18.547488,12,536.882198
-10.569207,12,537.008743
-12.633165,12,537.134821
-24.0544,98,538.307026
62.957373,27,538.593984
-18.615203,12,538.716128
-12.961243,12,538.846965
-14.794306,12,538.972069
-12.551635,12,539.097306
20.319881,12,539.224071
-8.021407,12,539.356493
74.394829,133,541.564938
-20.274412,12,541.688349
8.340315,12,541.81275
-22.902119,12,541.942878
-10.566536,12,542.068081
2.893462,12,542.189712
-21.512468,12,542.351066
-20.725576,27,542.683067
-16.403751,12,542.810053
-6.991922,12,542.944506
-13.295057,12,543.075652
0.607314,12,543.206109
-5.629175,61,544.016871
-20.829917,12,544.143405
-11.399776,12,544.269334
-39.937604,48,544.785102
-3.570987,28,545.091797
-5.411534,45,545.602988
-0.420655,12,545.740823
-22.770746,12,545.875758
-13.507834,12,546.006824
-14.116634,32,546.369746
-16.187116,12,546.507875
108.486841,63,547.376635
-15.490657,12,547.505984
-11.506824,12,547.631205
-12.115608,12,549.464308
-11.601461,12,549.587952
-19.781084,12,549.716877
-17.651448,12,549.842733
15.155056,12,549.966601
-17.074249,12,550.090695
-18.809443,39,550.496198
-16.282694,12,550.626004
-12.322126,12,550.759755
-15.323389,20,550.968351
-12.201356,12,551.113383
-12.120849,12,551.437382
-10.62969,12,551.570264
6.699473,12,551.692566
9.421094,12,551.818874
-15.354326,12,551.95211
-19.580754,12,552.079673
-20.178154,68,552.83439
-14.872515,12,552.966283
104.997513,140,554.637128
-3.006296,12,554.767433
-13.331349,12,554.893997
-16.220776,12,555.024028
-18.411094,12,555.149519
99.692909,57,555.792391
-9.032604,12,555.915733
104.511692,103,557.026615
-14.318154,12,557.317078
-20.816373,12,557.440774
-17.734554,12,557.569358
-32.311275,43,558.0533
-10.931713,12,558.188932
-18.440478,12,558.316574
-9.463482,12,558.443164
-12.676625,12,558.567985
-19.342236,12,558.692855
-15.55125,12,558.819843
55.632803,24,559.072595
78.965561,36,559.477471
9.066435,12,559.609638
111.282932,140,561.263698
15.235017,12,561.388315
-16.51194,12,561.512357
-16.193682,12,561.64747
92.011345,81,562.544135
-14.053197,12,562.668087
-11.098339,12,562.79388
-14.168468,12,562.921529
34.714588,51,563.587408
-12.50627,12,563.712183
-0.446629,12,563.848491
-14.921333,12,563.974618
-15.805219,12,564.101238
-14.650637,12,564.23488
-18.125622,12,564.373174
20.022255,12,564.497195
-12.182832,12,564.629235
37.120208,23,564.88011
51.471741,38,565.32391
-14.957574,12,565.452695
-20.415123,12,565.594466
-11.357337,12,565.72354
-13.968062,12,565.84931
-10.013583,12,566.104288
-16.774221,12,566.23584
-15.246393,12,566.371815
9.425372,12,566.510125
-19.741663,12,566.657348
67.661804,31,567.007947
-13.560811,12,567.137844
5.4504,12,567.272249
-27.208348,58,567.97526
111.518755,87,569.394344
-21.191399,12,569.529022
31.478145,80,570.426105
-21.3215,12,570.568743
-18.070296,12,570.701452
7.891611,12,570.834784
-7.35426,12,570.959206
155.116495,140,572.863733
-10.037541,12,573.005698
9.670638,12,573.14
-49.023167,140,574.736083
20.434605,12,574.866911
-20.341681,12,574.995512
66.635197,31,575.347587
-12.08635,12,575.478479
-15.967722,12,575.748777
-2.416463,28,576.058767
42.919253,18,576.2523
-10.482293,12,576.383892
-13.687354,140,578.034125
-11.665715,12,578.161753
52.802485,22,578.404968
-15.187449,12,578.529044
-16.792745,12,578.804973
-14.252709,12,578.935243
-5.840486,12,579.060872
-13.958091,12,579.1857
-16.933597,24,579.442866
27.460082,140,581.080547
-20.126264,12,581.205366
8.634558,12,581.336136
-14.758803,12,581.477528
-2.492106,21,582.161161
-17.048838,12,582.335537
-10.848233,27,582.712507
-56.542914,50,583.622155
-13.13494,12,583.800361
-33.327454,45,584.623667
68.880929,77,585.546546
-18.316349,12,585.673061
-18.821759,12,585.970365
9.116048,12,586.097836
-14.83472,12,586.228025
-11.419311,12,586.358858
-15.011751,12,586.487373
78.758456,70,587.29977
-12.68815,12,587.424644
14.588881,42,587.880402
-19.000804,12,588.023592
-10.721917,24,588.300942
-5.245221,12,588.428982
-12.417379,12,588.560586
-11.198747,12,588.696
142.962103,140,590.395588
44.059435,33,590.786546
83.848578,56,591.451677
-15.716241,12,591.59566
-16.610336,12,591.729181
-16.235287,12,592.013469
-19.556446,12,592.140902
9.757733,12,592.282852
-16.196652,12,592.430007
9.713121,12,592.599395
-11.673765,12,592.7395
-17.259278,12,592.868077
-19.952865,12,593.002548
-19.806071,12,593.158737
10.307872,12,593.29316
48.013006,74,594.098839
-9.650567,12,594.233843
-18.148052,12,594.368336
-16.789511,12,594.497671
-19.218676,12,594.628484
-20.522766,12,594.755352
-12.499518,12,594.884187
-9.931502,12,595.188266
29.595075,61,595.833911
10.164706,12,595.965499
18.078194,12,596.091329
-5.873555,13,596.230721
31.540599,42,596.679874
-8.968341,12,596.806357
-20.923134,12,596.935066
160.137928,140,598.63202
-12.03104,12,598.758593
-19.38683,12,598.888321
-20.548261,12,599.02065
-20.705138,12,599.155748
-14.33306,12,599.290308
-14.418417,12,599.418994
13.318373,12,599.551463
-16.643361,12,599.688087
-12.734811,12,599.839629
88.822436,140,601.817588
-17.235457,12,601.98456
-15.63244,12,602.125049
3.127988,12,604.181841
-3.660311,13,604.340358
47.528909,51,604.947552
-15.977706,12,605.175045
-16.217061,12,605.326442
-14.887955,12,605.46782
-18.017054,12,605.608675
11.277895,12,605.781253
-13.171644,12,605.971519
-14.652645,12,606.139231
-11.847016,12,606.275496
