#{"t_start": 1775517624.6177135, "env_id": "None"}
r,l,t
24.26767,9,3.004261
24.430715,9,3.998136
23.474764,10,5.555833
-2.491018,17,7.839405
22.116607,9,9.154885
25.791914,13,10.736615
18.885012,9,11.709451
19.482828,10,12.738181
25.959821,11,14.200233
23.215909,17,15.665803
25.108521,11,16.97794
15.242253,13,18.708699
27.719332,11,19.505902
18.7545,10,20.837148
22.54787,10,21.584118
9.999582,12,23.207442
25.094662,10,24.336908
27.6161,9,25.546523
28.380362,11,27.348282
23.231815,10,28.183194
28.332324,8,29.233261
21.210993,7,30.100512
26.208071,12,31.430187
25.708276,8,32.420627
-2.715317,23,34.96283
20.088696,11,36.718603
23.304439,8,37.62178
24.362183,12,39.607845
18.297247,9,40.575416
20.101491,8,41.880977
20.889257,11,43.248953
0.25881,32,46.840285
25.008607,7,47.818853
27.99746,11,49.104158
26.075409,7,50.166586
19.00072,8,51.493023
32.685279,15,53.413225
32.478774,14,55.396469
24.60022,7,56.113136
21.595076,8,57.093553
29.286806,12,58.981833
1.760985,14,60.311109
26.173368,9,61.368501
2.212348,21,62.816848
25.444373,9,63.819489
23.252884,8,65.71698
22.785362,8,66.833498
19.295959,8,67.843194
24.507615,8,68.899524
22.098892,9,69.56006
24.224342,9,70.570284
27.576114,7,71.872087
21.592499,12,73.166053
2.55875,10,74.366237
23.633688,9,75.108788
23.644009,8,76.121783
1.710215,5,76.883977
26.802518,10,78.133142
22.076564,10,79.251166
24.605514,7,80.070747
21.276707,9,80.895824
3.460986,12,81.993065
20.083358,7,82.409761
19.670163,8,83.414062
30.43137,14,85.909102
22.773575,11,87.046323
24.230055,7,87.554139
31.424901,15,88.983116
25.655212,12,90.573479
24.227726,8,91.542957
4.291116,7,92.629797
21.977585,9,93.949321
24.462456,7,94.974096
21.909597,8,96.654273
25.380856,10,97.766837
9.267486,13,99.344374
20.312955,9,100.152148
24.284134,9,101.512001
25.414958,11,102.670464
22.745119,9,103.976879
4.48818,17,106.742164
27.854797,8,107.7548
21.788115,10,108.850138
19.804964,11,110.289945
24.134699,8,110.936478
6.405372,10,112.409433
21.676323,8,113.599357
24.780776,10,114.820886
23.183929,7,115.898785
20.857483,9,116.872889
2.972464,13,118.231412
23.428813,10,119.499544
24.928633,7,120.215839
27.707198,9,121.776158
16.742894,10,123.181148
28.465005,11,124.398687
27.438503,10,125.424695
-2.245464,16,127.576789
26.154402,8,129.299598
26.709917,9,130.589044
23.189476,8,131.895528
21.373174,9,133.08669
29.621396,10,134.193485
22.169518,9,135.319315
25.493838,8,136.309275
30.493101,10,137.4131
25.970299,11,138.540234
23.598022,8,139.567349
26.04575,8,140.776444
6.103112,10,141.904854
23.017817,8,142.900867
25.03837,7,143.819815
21.205813,8,144.809629
25.417119,13,146.457979
3.572271,13,148.071727
21.395041,8,149.0797
25.050494,10,150.026028
21.645936,9,151.034039
22.423448,13,152.110127
28.02469,11,153.388265
18.343113,10,154.235133
23.861324,7,154.923658
3.773348,9,155.591229
23.597812,8,156.731454
4.320255,15,158.810738
25.27548,9,160.480849
25.012508,8,161.171273
-0.628024,9,162.254995
21.687355,8,163.205276
24.205096,8,164.135571
19.782377,9,165.466364
5.786631,23,167.656971
26.178425,7,168.365683
26.098999,8,169.082913
8.54672,9,170.399639
19.111146,13,171.932967
23.89603,7,172.585509
28.018246,9,173.672981
16.173293,23,175.982513
22.814325,9,176.663252
29.760022,15,178.122603
21.92439,7,178.842246
23.13083,8,179.874352
24.710443,10,181.246422
23.237973,10,182.316618
24.137167,9,183.608954
25.345157,9,184.452145
25.190286,8,185.341655
21.455197,10,186.706487
29.683098,11,187.830207
27.296043,7,189.631021
27.089973,9,190.915645
23.36267,9,192.134255
22.713376,8,193.232678
27.744917,11,194.603401
24.033991,8,195.643702
20.837467,7,196.849784
26.099382,8,197.984244
26.009309,9,198.976336
24.927801,7,199.942675
-2.927179,12,201.253314
28.722743,12,202.567352
0.183822,15,203.875118
29.261152,7,204.79366
8.685931,16,207.038983
24.962625,8,208.137094
27.492633,9,209.1558
24.455377,8,209.955618
4.70098,9,210.749276
24.609542,8,212.030112
34.159847,11,213.404484
-1.027845,12,214.483907
2.087979,20,216.783977
27.039278,13,218.413033
25.115699,10,219.781146
-0.515829,14,222.110124
23.526632,13,223.862968
25.618682,9,224.35194
4.585644,6,225.6035
22.437677,8,226.824617
-1.126677,18,228.813501
30.051645,13,230.226546
25.753745,8,231.463921
25.41464,10,232.486876
23.410441,13,234.115799
24.509223,9,235.141033
25.195303,7,236.115961
29.796326,14,237.28081
28.321564,9,238.329157
25.429017,15,240.053944
28.435349,9,241.397145
20.497748,8,242.561283
30.778879,10,243.690713
31.107215,9,245.016135
26.726281,6,245.728004
27.875961,7,246.701858
22.72808,8,248.04814
4.951003,8,248.84193
27.986254,9,250.145837
19.182843,9,251.196229
33.455542,11,252.800653
23.337989,9,254.260706
26.059354,8,254.728926
21.265405,14,255.846256
31.011442,13,257.72208
22.726974,8,258.785718
22.083853,8,260.042035
24.529765,10,261.118995
2.689986,13,262.248454
22.063991,9,262.931314
22.830706,10,264.036115
25.530939,11,265.378957
29.204587,10,266.407339
26.196455,13,268.077815
19.418743,11,269.379476
25.046837,8,270.359923
25.306588,13,272.259946
22.079703,8,273.661087
-2.190442,13,274.734084
22.208564,8,276.098498
23.010596,9,277.440166
26.027784,9,278.689866
23.645616,14,280.127707
23.388694,8,281.382677
27.095087,8,282.361103
27.862806,12,283.863768
21.301608,11,285.84893
4.170468,10,287.786308
27.939298,11,288.920806
19.224874,10,290.357689
24.847102,7,291.033872
22.295886,10,292.185141
1.197959,11,293.28658
3.38077,8,293.692914
22.145555,9,294.630069
21.763384,8,295.720787
22.982796,8,296.675073
9.369538,9,297.572177
25.977934,8,298.737917
26.656956,6,299.937417
23.040123,7,300.321913
20.634732,8,301.308956
23.454244,11,302.479908
25.583843,7,303.336972
27.831594,11,304.543598
21.480241,13,305.949083
25.301344,13,307.810359
26.076738,6,312.160013
23.438067,11,313.885326
19.833845,9,314.755994
19.352695,7,315.914324
24.153408,10,317.041561
-6.766896,13,318.729604
24.301673,8,320.364496
24.524842,8,321.274251
25.489269,11,322.599293
23.116117,11,323.763337
26.025452,13,325.273014
-2.096008,3,326.319823
22.391952,8,327.331174
26.158054,7,328.45773
20.766471,8,329.092075
26.493823,9,330.542177
32.235571,12,331.806742
21.707796,8,332.55248
19.998917,12,334.074212
22.585747,11,335.367754
22.917174,7,336.559326
23.613958,10,338.179246
24.03191,7,339.210351
3.243985,7,340.140106
12.119182,10,341.270295
23.048327,8,342.607063
22.828934,11,343.658638
23.380462,11,345.115292
23.11986,7,345.919901
18.593144,9,347.018862
18.873487,9,348.243801
25.528321,8,349.213001
23.611367,8,350.331069
25.48262,8,351.577126
25.089938,8,352.160161
23.628531,11,354.320889
24.953305,11,355.316315
25.114888,8,355.975155
24.902149,7,357.471954
9.605675,10,358.622041
19.180377,8,359.881101
23.646834,11,361.631867
22.721148,8,362.373908
24.903738,8,363.898908
-6.059502,11,365.887354
26.382769,14,367.538589
25.349734,7,368.266405
23.063702,9,369.473384
23.308694,8,370.33603
24.445561,8,371.730806
26.07313,8,372.791281
25.114052,9,374.037031
3.57556,15,375.509965
22.081701,9,376.606897
24.467451,12,378.204824
24.713649,8,379.821094
24.244925,9,380.502614
19.750595,10,381.805138
26.768835,8,382.555305
23.648468,8,384.302654
27.833967,11,385.708323
22.45882,8,386.950133
16.350809,25,390.057716
24.759679,11,391.065979
20.027599,11,392.709452
0.426541,10,394.248451
18.302223,9,395.074593
22.639852,10,396.180004
23.492365,8,396.897804
21.293451,11,398.220273
26.612659,11,399.202885
19.06663,13,400.495407
-0.40262,2,401.170114
28.675856,8,401.825944
24.12546,8,402.778154
2.609777,14,404.245944
26.53877,9,405.609119
25.196578,10,406.543836
24.332314,10,408.020233
22.282042,8,409.047925
18.596427,8,410.071051
21.069416,9,411.46955
1.315276,8,412.515563
28.309054,10,413.74607
22.305418,12,415.433025
30.043319,12,416.962754
24.084983,9,417.931961
23.225421,6,418.587328
26.242093,12,420.727146
18.00997,11,422.269302
18.550225,9,423.556194
0.071627,14,425.408916
24.60548,8,426.114228
24.923442,7,427.27721
18.369484,9,427.985838
30.170491,11,429.475543
-0.000538,7,430.423668
24.155389,7,431.435498
27.823732,8,432.482047
22.100779,9,433.825229
27.127605,7,434.521397
20.111971,9,435.866096
24.16746,12,437.275488
22.231736,7,438.387479
-0.031798,8,439.666318
27.646206,9,440.596351
20.992684,10,442.017377
24.799317,8,442.410503
25.689987,7,443.11826
25.351011,8,444.352931
24.764052,9,445.605041
28.099427,10,447.367954
22.294321,8,448.411023
-0.184847,2,448.745025
30.306635,11,449.738042
25.756689,11,451.127144
23.907811,9,452.235554
26.364742,7,453.856929
25.025622,9,454.89074
20.814947,9,456.058965
24.90064,8,456.993342
21.80892,9,458.029821
24.54059,7,458.989339
24.254751,9,459.966629
7.717495,9,461.109683
17.30106,15,462.886847
23.826708,6,463.633939
26.452295,9,464.641023
20.582787,8,465.619718
21.468257,8,466.507919
22.509268,8,467.650597
27.831017,10,468.662915
24.915634,7,469.647219
-0.066437,16,471.64087
31.264978,10,472.75994
24.917207,8,473.672491
3.008127,13,475.342171
27.668601,12,476.452532
3.396024,17,478.488262
23.706738,12,479.550719
25.284151,10,481.159119
26.44988,7,482.055065
16.664029,13,483.090335
23.397665,11,485.366952
1.319942,4,485.742068
22.959796,7,486.751967
3.434809,15,488.531547
25.471866,7,489.190663
19.160921,7,489.805944
-0.096613,13,491.985049
21.733522,9,493.010871
19.639437,9,494.420554
23.658078,9,495.172113
27.686189,10,496.770432
30.282366,8,497.494567
22.491137,9,498.647952
21.614395,10,499.771824
28.289228,10,500.590967
20.234818,8,501.552794
22.541366,8,503.300638
22.877578,8,504.323483
23.086269,10,505.478204
27.331766,12,506.492565
24.94365,8,507.222459
27.740789,8,508.034151
-1.326651,7,508.771144
21.551315,10,510.092782
20.685591,9,511.303971
24.880497,8,512.043632
1.678701,11,513.145129
9.693816,15,515.634088
18.624163,8,516.055915
20.938467,10,517.079056
20.915018,8,517.780814
27.500031,11,519.211892
25.500545,7,520.134884
21.035316,9,521.178968
30.710206,11,523.002157
24.595726,9,524.145193
33.35688,10,525.129941
28.395986,13,526.738398
24.982133,11,528.015967
25.794277,8,528.989099
24.73131,8,529.991904
1.457352,12,531.702625
3.580305,10,532.775363
15.935461,9,533.794552
24.179427,8,534.892508
20.719222,13,535.949546
26.033383,8,537.358931
26.481398,9,538.326135
24.898739,9,539.573056
22.064919,11,541.284975
19.672983,8,542.56575
29.198533,13,543.676447
26.61655,9,545.01937
2.453801,14,547.934035
21.126486,11,549.296628
20.090582,9,551.02289
25.967033,7,551.680884
23.160142,9,552.816588
20.820279,8,553.272946
23.906477,7,554.051379
23.809936,8,555.04166
24.89553,7,555.960641
21.730285,9,556.730905
27.540171,14,558.821516
28.498474,8,560.114681
26.375634,8,561.04717
25.127843,7,561.778771
20.803607,9,562.881765
11.384713,14,564.15017
19.787223,9,565.947162
31.796951,11,567.513005
26.089268,8,568.220608
27.287887,10,569.590552
23.689514,7,570.520268
25.822726,9,571.550446
20.497665,8,572.878016
25.746964,9,573.569748
23.983626,8,574.964241
19.963873,10,575.819364
1.360795,13,577.458144
27.13709,10,578.728604
27.585856,9,580.451443
30.734914,12,581.857176
22.476459,8,583.653049
24.844595,10,584.873281
24.660609,7,585.528207
24.693097,8,586.802953
0.879718,9,587.985123
31.129639,14,589.379801
34.285881,14,591.020496
18.965418,8,592.164315
24.550826,8,593.504149
27.830856,9,594.7609
21.318919,12,595.874459
22.320325,11,596.95455
19.219233,10,598.318803
26.463953,8,599.238509
23.679939,10,600.482548
24.199612,9,601.55726
31.159985,12,602.82574
26.311093,11,604.43044
22.530392,9,605.446601
9.40472,11,606.615553
22.952202,8,607.339226
19.925427,8,608.313193
24.348083,7,609.544634
24.4666,9,610.546998
23.066278,13,613.305772
29.376279,10,614.419689
25.853689,11,615.482854
6.865715,10,616.421203
29.147166,11,617.874759
24.353748,8,618.82304
24.907404,12,619.985653
25.486439,8,620.851532
29.88998,9,621.56637
23.145215,8,622.660114
18.347446,8,623.635964
26.073502,8,624.808943
30.332867,9,626.22281
25.865953,8,627.254801
18.810469,17,632.869037
25.759451,8,634.363478
27.882628,10,635.428106
9.229765,16,637.12721
22.532217,10,638.183208
24.779816,10,639.566165
23.041881,9,640.453804
18.52987,11,641.898602
26.10381,7,642.607234
21.607312,10,644.549568
24.384968,8,645.776647
1.842944,14,646.961769
26.359137,9,648.962704
23.068708,8,650.356885
32.688503,15,652.027854
28.174222,9,653.000568
21.934064,8,653.775369
23.66422,10,654.72211
19.500976,9,655.830668
27.059937,9,656.556776
13.39955,12,658.124199
24.342917,13,659.732922
23.453802,8,660.742461
26.950787,10,661.907019
24.559667,7,662.638928
22.425694,10,663.482565
19.25463,10,664.572166
24.953283,7,665.509856
25.09338,8,666.208604
24.538348,8,667.505481
20.88812,8,668.248618
28.625364,12,669.248707
16.987142,7,670.229739
25.140645,10,671.510356
25.956126,10,672.629405
22.342165,8,674.36193
24.78824,8,675.598965
16.149644,11,676.653994
27.991298,11,677.873259
22.917137,11,679.62768
23.09183,8,680.286558
26.19017,9,681.382932
30.25658,10,682.489176
20.674501,12,683.732926
27.880956,12,684.859263
26.886392,10,686.370177
25.625965,8,687.485426
0.279834,18,689.310728
27.308246,11,690.651663
27.16558,10,691.715017
22.075708,8,692.678426
23.220207,6,693.448298
24.618327,8,694.414579
-3.844619,20,696.477831
23.451479,8,697.50599
28.092251,15,698.744836
22.758363,14,700.567247
21.823365,11,702.139753
28.699585,7,702.867654
2.022832,9,703.989379
25.513303,8,705.00498
24.605027,11,706.070326
9.770618,9,707.388623
17.153518,9,709.05427
23.369272,7,710.015787
19.95865,8,711.042506
26.802566,11,711.997043
23.749265,8,712.997933
25.984619,10,714.898018
26.830738,12,716.26094
25.868422,8,717.608314
26.26179,9,718.344353
34.309515,18,720.120216
21.355294,12,721.628243
20.540371,15,723.228258
22.488855,9,724.116973
37.040724,12,725.742581
28.352037,10,726.897182
6.563997,11,727.849145
25.713637,8,728.807306
25.185135,9,729.700335
20.669582,10,731.304929
16.519842,9,732.470083
24.309757,12,733.816234
20.555953,8,734.634934
24.578316,8,735.701492
22.918974,9,736.806572
35.732203,13,738.227309
22.060716,9,740.217304
26.219193,10,741.301987
7.768287,18,742.472046
25.55991,10,743.301175
34.588126,13,744.354966
23.726203,9,745.334929
26.965879,7,746.293888
20.098522,8,747.65672
22.59684,10,748.359528
21.812525,12,750.054266
28.834953,9,750.999824
27.203163,7,751.431307
2.273589,11,752.884051
-3.767659,20,754.969097
25.92582,10,756.239134
23.35278,9,757.25935
24.96311,8,758.276545
6.815581,10,759.549859
29.058705,12,760.585801
24.277353,12,761.858747
19.001071,11,763.149956
26.378229,7,764.283356
26.362639,13,765.492021
23.369859,9,766.914145
27.391583,11,769.229397
36.014307,11,771.046132
32.877535,13,772.753755
26.072878,11,774.168567
3.185263,6,774.875488
23.041973,8,775.950296
24.297793,8,776.575105
21.177826,11,777.88325
38.287326,11,779.166151
21.985638,9,780.244769
23.193895,8,781.3968
24.547076,8,782.455164
26.8489,8,783.920776
19.606148,10,784.813673
27.265275,10,785.876719
22.397756,10,786.970633
24.562167,9,788.043024
23.240913,8,788.459076
1.457459,3,788.880181
26.440267,9,789.53817
26.008291,13,790.906723
27.181167,9,791.968628
27.025344,8,792.898128
22.490488,11,793.908811
29.017291,13,796.197626
26.497846,11,796.885114
26.213597,9,797.86931
17.426047,11,800.547599
22.161838,9,801.506649
24.465048,10,802.457898
41.190848,13,804.601416
31.398124,10,805.909334
25.486351,11,807.381572
23.265306,8,808.397106
26.155261,6,809.123237
19.010953,14,810.611217
23.990167,12,812.408716
19.006817,11,814.019971
25.50605,7,815.458372
22.483053,11,816.582492
27.478313,9,817.689692
22.815429,10,819.016058
25.045723,10,820.267078
26.63908,13,821.671492
20.973281,12,823.78383
8.125045,24,824.890369
27.319939,8,826.143893
21.552609,10,827.155997
25.313793,8,828.076062
25.588516,8,828.931631
26.442759,9,830.086737
23.891756,9,831.042189
8.388759,15,834.781591
21.508259,9,835.828531
22.963524,9,837.108387
28.665274,11,838.7447
22.13678,9,839.644016
19.365641,8,840.658239
26.530228,7,841.840001
17.733489,8,842.831106
26.063919,12,843.809477
23.193149,11,845.377025
27.070304,10,846.460538
24.735744,6,847.053278
22.557684,10,848.439342
21.662074,8,849.45702
30.320133,10,850.426952
24.375653,8,851.442582
25.395798,8,852.838791
24.35138,10,854.178371
27.235356,7,855.132022
4.028641,8,855.958519
24.439055,7,857.005048
19.955858,8,857.930941
22.85046,11,859.041321
22.40244,8,859.964157
-0.253871,3,860.6264
29.810712,11,861.956513
21.775537,9,863.246703
23.910506,6,863.5658
27.491657,7,864.577795
27.072628,11,866.694803
13.313222,9,867.612793
23.494977,7,868.439718
25.514191,7,869.403901
29.196014,13,870.629812
24.95543,8,871.818905
25.986525,11,872.834235
-0.427152,16,874.204208
19.751997,8,875.281243
2.319361,13,876.648813
27.049085,11,878.255407
25.668931,10,879.598759
28.577475,12,880.597701
23.782463,8,881.356855
28.769995,13,883.110257
26.930569,10,884.443592
33.211635,13,885.819578
28.448784,16,887.426032
26.203133,8,888.362993
33.354915,14,890.044434
24.34844,9,891.053864
25.97404,8,891.983623
28.470212,10,892.957421
28.180537,10,894.068564
29.116515,13,895.89802
27.126459,11,897.094234
25.363481,10,898.173278
27.642117,10,899.384159
21.478988,9,900.771347
24.359299,11,902.135774
3.575593,10,903.110898
27.632999,12,904.45127
23.094104,7,905.182004
-1.523498,20,907.467396
24.21002,9,908.219297
23.906471,7,908.701777
37.7609,13,910.473161
24.874635,6,911.608308
22.343658,9,912.951721
25.621572,11,914.399832
24.86515,7,915.385023
25.711501,8,916.433835
29.785693,9,917.464288
24.13409,9,918.83396
31.790648,14,920.10041
25.092341,9,920.825835
23.694947,10,922.1572
-1.455423,2,922.564353
26.592656,8,924.251946
26.135182,8,924.971308
26.755071,13,926.982386
25.977767,9,927.730525
26.194745,9,928.406797
28.038845,11,929.825354
2.271062,8,930.890858
28.754069,13,932.112956
22.534014,9,932.806657
22.977604,8,934.062148
33.879523,11,939.104538
21.271499,9,939.837554
36.592352,13,941.798907
23.105128,8,943.139269
27.471787,7,944.190651
22.114778,10,945.456571
24.281708,8,946.066596
26.348143,7,947.099474
21.878027,7,947.758859
23.762737,10,948.788708
25.211641,12,949.818141
25.083266,7,950.736362
23.356478,13,952.307682
26.600152,9,953.122793
37.422998,11,954.430482
29.709338,13,955.895842
23.390874,9,956.946079
24.672537,8,958.298637
26.025122,10,959.269728
18.071799,11,961.507175
23.267309,11,962.496336
28.284489,10,963.857523
24.794602,8,964.743594
22.323357,16,966.418783
26.731258,8,967.14269
26.260056,8,968.112754
2.156893,6,969.141909
22.571803,10,970.189963
27.131795,10,971.374609
28.293658,9,972.963042
27.828238,8,974.495386
25.652642,8,975.271203
22.141326,8,976.248623
24.985744,7,976.966856
25.208222,9,978.194325
32.484404,10,979.464081
25.413551,8,980.461728
30.212867,12,981.491544
22.747019,7,982.134187
24.49593,8,983.468185
20.978802,11,984.484186
20.378317,8,985.654079
-6.352621,17,987.742735
23.047719,11,988.867801
23.672371,8,989.543144
23.270889,11,990.55054
23.427052,14,992.874125
21.745823,9,993.777957
35.296122,12,995.155217
27.458118,13,996.294035
24.150337,8,997.352928
21.746576,14,999.026348
26.021493,10,1000.058293
7.833838,10,1001.329818
25.574345,10,1002.652694
25.445373,8,1003.549231
33.203852,14,1004.907972
30.668194,17,1006.680933
26.843276,12,1008.05338
30.073394,11,1009.447273
25.823887,8,1010.394707
24.56357,16,1011.943151
23.400022,27,1014.98765
21.644248,10,1016.381436
24.948714,8,1017.320505
30.544082,12,1018.681602
25.391302,8,1019.798632
30.148132,9,1021.725424
-5.116368,28,1024.957515
22.4566,8,1025.847276
22.180028,8,1027.196565
27.998593,9,1028.209645
26.315713,9,1029.3005
6.509971,9,1030.624227
24.325383,9,1031.609074
28.992966,11,1032.633626
18.095481,14,1034.341191
25.96775,11,1035.516773
17.803569,8,1036.806888
23.995941,16,1039.359813
4.892606,14,1040.565241
20.532364,8,1041.343453
26.05634,8,1041.880538
22.951046,7,1042.648511
23.658279,9,1043.626156
25.670597,9,1044.620595
22.617663,9,1045.587063
25.966193,11,1046.629513
25.755323,12,1048.720723
5.246986,28,1053.275421
20.517964,9,1054.228706
28.964364,11,1055.158474
26.674036,10,1056.188659
26.9921,8,1057.14185
19.180385,9,1057.830972
8.335903,18,1059.231658
39.462674,12,1060.677192
22.361191,8,1061.676904
23.379847,9,1062.630895
25.198235,6,1063.311207
24.498545,10,1064.560568
25.721807,8,1065.58065
-2.190156,7,1066.539937
0.970373,12,1067.651856
26.011626,12,1069.026896
24.199117,11,1070.218671
21.73306,8,1071.605517
24.64041,11,1072.628292
34.014279,11,1074.170672
27.723624,10,1075.154526
30.547939,11,1076.289863
27.872198,14,1077.839111
31.189527,8,1078.576765
29.021723,8,1079.338652
21.097894,12,1080.808037
23.004622,9,1082.3237
17.764735,8,1083.353307
17.341647,15,1085.165663
25.213395,9,1086.193267
20.131951,8,1087.257277
21.485394,17,1089.113776
6.835412,15,1090.769471
19.295581,10,1091.841501
29.312372,7,1092.973474
19.076681,9,1094.235489
27.289219,12,1095.612902
27.270235,13,1096.940095
21.697844,7,1097.610901
-1.56591,4,1098.152894
27.198769,10,1099.203715
22.760678,10,1100.543304
25.358493,9,1101.531304
1.347193,11,1102.811774
25.338921,8,1103.901245
26.542021,8,1104.880764
26.650221,9,1105.974564
25.883373,11,1107.703952
9.680311,11,1109.04377
26.145749,9,1110.35333
27.45339,8,1111.622107
27.540898,8,1112.861862
25.715658,9,1114.487745
25.821492,8,1115.451111
28.93318,10,1116.638286
23.560637,7,1117.685533
23.312654,10,1119.000111
23.971429,11,1120.241203
24.528284,8,1120.888896
21.967362,10,1122.09778
22.902747,13,1123.660301
28.708484,12,1125.09197
27.728861,7,1125.748214
19.176706,9,1127.219427
25.65945,7,1128.144198
27.095904,13,1129.304584
26.071363,9,1129.956827
27.435272,9,1131.126689
22.462398,9,1132.205738
24.776074,8,1133.284407
18.699319,15,1135.330254
26.400077,8,1136.39788
24.155288,8,1137.39439
29.668476,11,1138.485323
17.763405,10,1139.851858
24.926885,8,1141.111034
0.728334,12,1142.469251
24.648232,12,1143.584933
27.617314,9,1145.851194
-0.656122,7,1146.952707
23.379987,9,1148.273024
23.400815,8,1149.239608
23.327396,8,1150.52183
26.793169,10,1151.443166
27.322223,13,1153.245075
22.428371,7,1153.89851
25.763784,7,1155.130997
26.156281,10,1156.121971
3.689343,9,1157.580001
41.551828,15,1159.011195
20.294139,8,1159.818834
25.131653,6,1161.235571
20.197553,8,1162.575219
29.910334,11,1163.971733
27.062632,10,1164.920309
21.41064,11,1166.488672
26.159574,10,1168.039451
27.020873,10,1169.355263
38.980853,26,1171.996424
28.416156,18,1173.74557
28.997025,11,1174.909133
28.073496,10,1176.280419
24.935573,9,1177.374836
25.459753,13,1180.115627
26.948014,9,1181.428861
26.141646,9,1182.741307
21.150749,12,1184.15649
28.920968,8,1184.843836
25.965221,9,1186.409706
20.896663,12,1187.529192
24.878359,8,1188.598295
38.046019,14,1190.335723
19.027297,8,1191.008704
25.31329,9,1191.825908
26.991097,9,1193.129655
24.482141,12,1194.210982
24.606584,10,1195.514735
21.793722,6,1196.155101
25.028705,10,1197.421298
10.321347,11,1198.988613
26.080884,9,1200.412135
21.233078,15,1201.830962
27.013497,9,1202.6497
26.272877,12,1204.051451
30.527098,10,1205.333034
28.461515,12,1206.600821
3.633713,27,1210.015777
31.124055,17,1212.022906
23.949667,8,1213.116935
26.067384,8,1213.7233
23.796806,8,1214.482029
23.52357,7,1215.300795
26.561012,7,1215.888104
25.323733,8,1216.728029
25.673788,6,1217.705531
27.064714,13,1219.117031
24.62427,7,1220.09978
7.023694,14,1221.492804
29.143792,10,1223.013242
24.456828,10,1223.973923
22.01872,8,1224.722845
21.421415,7,1225.529743
26.95437,10,1226.648628
22.363156,16,1228.561893
28.11974,12,1230.07931
3.061312,16,1231.890556
27.097002,10,1232.869436
17.966238,8,1233.903983
26.87547,6,1234.550431
26.732393,6,1235.41906
22.650482,11,1236.737138
32.653814,14,1238.513692
23.264097,8,1239.870509
28.224781,9,1240.975068
24.949383,8,1245.921537
21.064699,13,1247.412116
23.405119,7,1248.488693
23.003384,12,1250.173806
-2.322826,38,1255.010818
29.787466,12,1256.739245
26.894325,14,1258.395526
25.35974,11,1259.700898
24.150469,9,1260.635716
26.561224,9,1261.851094
22.150352,9,1262.850479
25.118034,9,1264.086207
27.573045,11,1265.437217
34.161154,9,1266.26442
22.972264,8,1267.436045
16.786098,8,1268.12855
31.204021,14,1269.35367
17.737914,9,1269.745435
23.832466,7,1271.123662
23.751031,8,1271.848575
20.474901,10,1272.547248
25.059696,9,1273.97881
22.659052,10,1275.480318
32.266045,12,1276.811296
24.218983,12,1278.475588
25.486426,9,1279.218944
26.6842,9,1280.542273
34.926038,9,1281.238049
22.245571,10,1282.513357
23.230195,7,1283.222108
23.859109,8,1284.439808
27.202415,11,1285.570311
24.24034,9,1286.682191
24.889425,8,1287.405421
18.315613,11,1288.559333
19.006704,9,1289.65104
26.522145,7,1290.022884
22.159399,7,1290.805193
20.660307,10,1292.14215
33.35719,16,1294.04645
25.244318,12,1295.081021
28.812351,7,1295.473341
28.918783,8,1296.469564
25.4287,11,1297.91998
25.333583,7,1299.01313
21.679889,9,1300.396131
30.744133,9,1301.190918
30.814945,13,1302.293106
22.5313,13,1304.399508
27.398287,11,1305.706239
32.671454,14,1307.335788
23.319437,8,1308.495202
23.908016,8,1309.471032
23.137274,10,1310.824588
28.023681,13,1312.453356
25.748129,21,1314.709834
49.085246,15,1315.734565
25.711752,8,1316.569855
26.412993,6,1317.254747
19.358115,11,1318.520795
26.469157,9,1319.723471
19.470788,10,1321.249034
23.889231,9,1322.530986
24.679988,7,1323.534733
28.420271,22,1325.183606
26.485916,10,1326.739261
27.241203,10,1328.099674
24.716434,7,1329.051801
22.467924,11,1330.864286
26.358057,9,1332.64573
23.635472,9,1333.725826
26.658068,8,1335.130228
24.896482,9,1336.736882
20.304593,9,1337.942567
2.128284,7,1339.448555
-0.002065,17,1341.434775
21.492507,10,1342.575012
21.125803,10,1343.65912
29.690116,17,1345.121468
26.972321,9,1346.587859
25.545449,8,1348.250988
1.567529,12,1349.047559
21.554126,9,1350.0339
24.956382,7,1351.073628
27.24674,11,1352.376838
24.359396,9,1353.409782
25.900668,11,1354.771556
29.417411,10,1355.772229
22.764731,9,1357.00872
30.382531,13,1358.325567
25.783899,9,1359.024616
23.357064,11,1360.705785
27.196514,11,1361.760459
37.166198,12,1362.751138
26.30127,13,1363.895167
28.383533,10,1365.089328
23.391848,6,1366.984961
27.445199,11,1368.693345
27.604427,7,1369.092113
32.278622,7,1370.16124
25.371844,9,1371.386703
24.036305,8,1372.326633
25.315226,9,1373.02844
28.6238,10,1374.063642
22.465293,8,1374.860246
19.644165,10,1376.387139
22.001735,8,1377.367322
21.930242,8,1378.570938
4.472642,21,1380.243543
2.276689,3,1380.923638
22.095894,7,1381.521096
19.065631,10,1382.272686
26.483227,11,1383.492703
42.913369,14,1385.127137
25.434829,11,1386.292659
27.046656,6,1386.92615
25.331532,9,1388.246137
27.551106,9,1389.495756
25.464054,8,1390.233604
23.542475,7,1391.555778
25.769548,9,1392.269721
0.76199,10,1393.569005
27.642378,10,1394.731118
28.823184,12,1396.206701
24.184007,8,1398.438071
20.263698,10,1399.632281
19.826343,8,1400.602553
29.888099,15,1402.074335
27.08802,11,1403.506004
27.860181,12,1404.97098
22.776157,14,1406.698005
21.934164,8,1408.01155
24.077783,10,1409.255013
32.234938,11,1410.311809
21.203547,12,1411.668958
23.888612,9,1412.377625
20.926048,8,1413.690496
27.048647,10,1415.309123
25.111232,8,1416.345998
22.438459,10,1417.630954
22.671573,8,1418.436248
22.006199,16,1420.152134
26.734053,9,1420.968274
29.788016,12,1423.206505
29.912939,10,1424.657887
10.71315,14,1426.432353
26.593265,9,1427.456626
25.645212,12,1428.897185
24.904645,9,1430.833223
23.543847,13,1432.571241
20.753552,9,1433.266584
24.854066,9,1434.605359
34.782606,14,1436.007135
30.526733,11,1437.498822
26.776495,9,1438.405922
19.749841,18,1439.9667
0.5406,12,1440.925772
24.135857,6,1441.583524
21.686381,8,1442.722578
17.886143,12,1444.419236
25.227405,11,1445.677663
24.425477,14,1447.100573
29.47529,10,1448.176738
27.521447,12,1449.559499
33.402039,13,1450.908909
-2.274305,3,1451.283285
23.745419,10,1452.389102
21.434984,9,1453.095831
23.863418,13,1454.308451
20.833044,11,1455.381599
23.00504,8,1456.356278
4.353658,10,1457.428216
23.385016,9,1459.337309
24.862352,9,1460.526616
25.550934,8,1461.755315
24.845971,9,1463.103794
25.660945,8,1464.223008
24.302493,12,1465.695294
24.16106,10,1467.078136
23.199194,7,1467.950521
25.607814,8,1468.913112
28.135253,8,1470.10816
1.885884,19,1471.797079
25.669045,10,1472.973864
21.636887,7,1474.130926
22.413415,8,1475.181717
22.502544,9,1476.494916
21.475017,8,1477.143698
27.293443,10,1478.39839
22.933184,10,1479.09758
22.916433,9,1480.168581
5.046973,10,1481.187918
24.357215,8,1482.096971
2.221113,16,1483.133278
22.516337,10,1484.506634
26.945319,8,1485.29691
23.301774,8,1486.512359
25.44915,7,1487.532723
26.875132,9,1488.806328
26.029391,7,1489.184564
20.469096,8,1491.024891
18.139406,7,1492.01666
24.233742,11,1492.858667
23.151996,8,1493.602926
-0.14241,10,1494.361034
19.357913,8,1495.680939
31.022576,12,1497.173314
25.422115,7,1498.275921
23.972659,11,1499.523928
21.544517,10,1500.55796
21.972688,8,1501.960916
27.007103,9,1503.22709
26.799725,13,1504.703706
26.920402,10,1505.456029
29.120625,11,1506.824961
23.605975,14,1508.733703
22.906372,10,1510.279186
26.410534,13,1511.970654
17.607302,8,1513.494815
23.785897,11,1514.855925
23.832295,9,1516.023118
32.682747,15,1517.841717
30.623102,15,1519.488095
26.689902,13,1520.842938
22.149118,7,1521.312266
27.14589,9,1523.424105
24.451137,9,1524.621897
14.039472,14,1526.413138
22.415456,9,1527.567608
11.746904,18,1529.636104
24.454383,8,1530.986261
28.093678,10,1531.975198
27.527217,10,1533.058097
21.798961,9,1534.076132
26.182426,9,1535.715189
26.767322,10,1536.738772
27.169401,8,1537.780522
20.187069,8,1538.747617
25.533079,9,1539.188111
23.764747,8,1539.986326
29.943601,14,1541.331384
22.070625,9,1541.798943
25.533255,8,1542.532766
21.79255,13,1543.950635
34.138429,14,1544.958998
27.769503,9,1550.068367
24.629134,8,1551.447589
25.711117,7,1552.400604
22.797417,9,1553.073768
39.141573,12,1554.182586
22.868966,10,1556.329175
38.643651,14,1558.011022
32.88528,13,1559.498587
25.51188,7,1559.859141
20.434689,9,1560.926354
24.10346,7,1561.80309
23.37487,10,1562.895657
24.998875,10,1564.196249
21.965707,9,1565.167846
22.630067,10,1567.132948
24.662976,9,1568.028143
24.178115,12,1568.837864
19.557322,9,1569.808467
20.734972,11,1571.561038
19.426806,9,1572.808365
22.940537,8,1573.563182
27.198299,11,1574.625151
21.826212,8,1575.098173
34.798141,14,1576.620263
23.470607,12,1577.709313
1.920479,17,1579.418884
30.348346,11,1580.512551
25.660328,10,1582.086995
25.777588,10,1582.850015
27.121167,12,1584.840732
7.055982,20,1587.252339
27.355244,15,1588.696669
23.581353,13,1590.451665
22.978379,23,1593.340437
28.589606,11,1594.132971
26.272084,8,1595.142371
26.365591,9,1596.413396
27.228138,8,1597.446615
22.06417,8,1598.148666
27.257524,12,1599.583963
26.998682,11,1600.864179
26.197864,9,1601.602699
23.6474,18,1603.240705
23.78936,34,1607.156649
20.619378,11,1608.7961
2.156208,14,1610.686904
12.610219,18,1612.869753
23.820694,7,1613.558596
24.866799,7,1615.63429
28.724095,15,1617.001528
24.617662,12,1618.506357
24.053471,10,1619.309988
26.519125,8,1620.071805
28.75591,8,1621.373985
5.477797,15,1623.277228
21.909357,12,1624.331351
23.717747,10,1625.157623
18.906222,28,1628.031247
1.334955,18,1630.195798
23.330537,11,1630.936899
31.347952,11,1632.387628
21.101206,7,1633.759644
26.716721,10,1635.255554
28.044778,9,1636.438229
23.047748,7,1637.421057
30.446384,11,1639.256654
17.798395,9,1639.939619
21.253172,9,1640.946508
22.563126,9,1642.607959
27.620974,10,1644.187633
18.710559,7,1645.309273
22.42909,8,1646.270701
11.203025,20,1649.252753
1.014254,15,1650.302011
23.439256,9,1651.470821
25.153698,10,1652.540901
6.620968,18,1654.058637
23.88905,8,1655.173202
20.828964,13,1656.570834
24.620228,12,1658.47472
28.543587,9,1659.514251
26.22108,9,1660.460469
7.960664,18,1662.79119
22.200544,10,1664.591516
26.359707,9,1665.452585
28.689835,11,1666.778557
28.268229,10,1667.764027
26.735668,9,1668.854991
25.331869,8,1669.844043
27.440035,11,1670.837317
22.860041,8,1671.484098
26.500859,16,1672.407328
27.267059,9,1673.477455
23.271647,8,1674.549526
16.90317,10,1676.192909
21.444363,12,1677.355561
26.591625,8,1678.051505
22.586703,7,1679.00222
22.670953,11,1680.345315
27.355194,10,1681.369703
22.099061,9,1682.380147
22.426969,26,1684.920052
20.696451,13,1685.827914
24.877758,10,1686.826852
22.157842,20,1688.968801
21.69158,17,1691.232509
4.566455,14,1693.860354
28.853416,14,1695.370571
28.843984,15,1696.820548
25.262412,10,1698.2079
21.453998,9,1698.962494
26.44406,8,1700.344752
21.660069,9,1701.421523
35.44443,9,1701.871073
25.414444,8,1702.833219
26.664062,10,1703.880096
20.141746,8,1705.483327
29.076027,13,1706.764742
25.923926,9,1707.474484
20.630183,9,1708.251057
34.708718,15,1710.180885
22.09773,8,1710.933028
25.015755,8,1711.879283
31.224219,8,1713.207431
26.357935,10,1713.925106
25.550034,9,1715.290237
26.623537,9,1716.347394
20.387712,19,1718.031414
28.890734,18,1720.523965
31.216098,15,1722.111015
32.659479,10,1723.567952
40.416318,10,1724.772644
24.121537,8,1725.417349
24.418374,9,1726.300384
20.555059,7,1727.656586
-0.55784,3,1728.017962
11.595018,12,1729.466353
28.649833,7,1730.243437
30.043281,12,1731.598803
26.76761,11,1732.862705
20.213496,9,1733.592672
0.657763,4,1734.468306
52.9033,25,1737.553762
24.651103,8,1738.872527
3.856131,15,1740.532243
10.192975,13,1742.605063
3.205811,7,1743.151659
