#{"t_start": 1775483246.475603, "env_id": "None"}
r,l,t
3.501298,75,2.616598
-0.668488,10,3.010397
3.557134,30,3.55437
5.605974,92,4.900727
5.930764,33,5.529996
-14.977945,23,6.010267
-9.643655,38,6.679547
-1.24421,5,7.023724
-3.892106,50,7.857253
-0.591023,25,8.358452
-17.549644,58,9.304111
-0.367417,31,9.918036
13.298609,70,10.964793
-3.279736,22,11.47722
-4.472065,16,11.941665
-14.136079,42,12.718967
0.18387,27,13.239944
-5.985081,29,13.82293
-3.785129,61,14.758585
-4.11055,50,15.543773
-5.121492,21,16.004362
-5.226976,16,16.431689
-0.338313,13,16.903797
-5.712784,47,17.679544
-1.663131,59,18.67312
-4.187214,27,19.193584
-1.035089,15,19.675686
-1.082753,9,20.060564
-5.232399,14,20.402995
-8.539814,52,22.495302
-0.441557,28,23.102406
6.509887,25,23.671172
0.550468,37,24.384256
-22.906709,59,25.277231
-4.775471,7,25.579594
-6.134519,64,26.571018
-10.061138,51,27.425312
-8.634194,50,28.343247
1.635541,76,29.483763
-2.481729,24,30.011346
-3.608382,55,30.898278
4.475358,33,31.483282
5.588631,28,32.023137
-2.893533,10,32.361645
-8.135202,44,33.179515
-0.88545,10,33.518047
-9.603663,22,33.971684
0.900241,30,34.584097
-4.639126,30,35.106749
8.679884,35,35.765616
0.093577,17,36.179655
6.753833,20,36.598725
2.086587,20,37.122683
-7.863335,27,37.67899
-3.137965,47,38.483114
-4.185756,24,39.034997
-11.457862,45,39.774095
-7.950872,60,40.663851
4.776554,23,42.463951
1.360487,42,43.12946
-0.741067,28,43.647098
-7.362547,42,44.344719
-4.451478,32,44.977107
2.918235,27,45.547475
0.777225,35,46.202527
6.549287,15,46.630044
-14.958248,75,47.768125
4.606462,49,48.5471
1.388807,14,49.023306
4.1116,31,49.638186
-0.01348,24,50.151075
-15.653426,38,50.792467
-5.131021,63,51.763001
-1.747753,23,52.2679
-1.156788,18,52.705796
1.902887,17,53.116115
-1.131636,17,53.568721
2.856838,42,54.271868
-12.990642,42,55.032374
2.968871,37,55.700375
-4.873568,30,56.337749
-5.654777,35,57.018437
7.262185,29,57.597581
8.713175,62,58.533232
-1.578969,14,58.984906
1.38801,20,59.536748
-0.593008,35,60.224479
-14.567254,33,60.910364
-0.277959,10,61.303384
1.82115,29,61.873519
-0.038156,12,63.239771
0.393325,39,63.981786
7.241274,67,65.0049
-5.098675,35,65.722224
1.815027,60,66.697586
-3.699663,25,67.276424
-13.653631,61,68.176117
-0.247485,75,69.231352
3.823034,25,69.670797
-3.64516,31,70.274818
0.482143,59,71.231527
-11.862353,52,72.084574
-0.80868,27,72.672284
0.284922,11,73.053022
-3.91346,31,73.654019
-1.964136,58,74.546607
-2.248403,27,75.074438
-24.464226,96,76.379039
-1.747302,22,76.887261
-11.688444,52,77.758822
1.005455,40,78.473835
-4.589345,22,78.904561
-9.782144,65,79.960027
-1.4555,51,81.385969
-10.054438,23,81.940083
-2.172565,16,82.339283
-7.547664,38,83.02592
-2.806745,39,83.743629
9.816126,40,84.465164
-0.004757,24,84.991071
0.002875,22,85.488126
-0.45581,24,85.992243
-4.350819,22,86.52862
-4.606147,17,87.015708
-3.621263,30,87.578018
4.033929,33,88.234623
-14.074004,44,88.930516
2.359491,40,89.609998
1.402426,32,90.242887
-0.039931,24,90.705374
1.410964,15,91.079379
1.311764,91,92.377946
-4.942818,30,93.0204
2.539759,33,93.629485
6.508468,18,94.08871
0.275645,24,94.624347
-3.593812,21,95.131104
-1.920119,11,95.497399
-3.801434,36,96.158389
-21.885903,70,97.19288
-3.375627,8,97.498074
-12.584278,27,98.110124
4.817276,21,98.579975
-5.42991,45,99.312336
0.420838,9,99.706254
4.314673,21,100.198123
-2.945385,29,100.803414
-4.23969,21,101.308115
5.598134,28,102.691886
4.173007,13,103.078751
5.270645,17,103.484656
7.169053,92,104.81306
-1.079089,25,105.368127
-1.076483,26,105.935882
-1.348264,90,107.219553
-6.577069,96,108.515296
-3.699242,16,108.950013
-1.600213,30,109.508431
-1.749903,29,110.088953
-3.214872,47,110.857726
0.096124,15,111.297546
-0.469905,21,111.808512
-1.972862,21,112.292088
-5.60812,21,112.777005
-4.478287,73,113.820586
-0.673038,70,114.797943
-6.447522,29,115.43674
-3.131788,26,115.970793
-3.117192,19,116.420302
5.368008,35,117.089268
2.033974,25,117.575171
-6.158549,74,118.576001
6.86781,42,119.314267
-1.695253,15,119.808789
-4.547455,13,120.186882
-6.780384,35,121.567286
-3.857105,52,122.4552
1.114044,29,123.027421
18.77013,77,124.166621
0.875301,6,124.464304
-0.935969,50,125.269871
1.363435,23,125.763702
-6.468506,19,126.258373
3.331623,19,126.726035
-5.937167,92,128.051783
4.91019,37,128.718364
9.731422,56,129.642366
2.832232,14,130.055694
2.724623,19,130.489161
-1.774584,10,130.862071
3.090421,40,131.556621
-3.789701,49,132.318651
7.098461,40,133.033368
8.458424,56,133.888293
0.938084,10,134.281605
-3.054492,9,134.599063
-2.780363,15,135.051969
-20.777403,58,135.902709
-1.396137,39,136.660897
-1.723785,15,137.078151
-1.92592,15,137.500037
-2.441783,19,138.047866
-4.408546,18,138.496281
2.293991,42,139.225519
-11.556821,59,140.154165
2.822322,28,140.729569
3.865688,24,142.015392
-18.57558,83,143.251865
-7.155375,41,144.027037
-4.00326,20,144.600098
-5.173653,21,145.051058
2.75305,28,145.633216
-5.554068,27,146.186076
-4.652593,33,146.820807
2.915178,45,147.594779
1.794829,16,148.028395
0.398304,56,148.940155
-4.344122,82,150.119927
-3.283903,46,150.863277
-11.652857,45,151.669653
1.631177,32,152.335514
-5.248084,23,152.847748
-10.325458,69,153.863535
-0.420619,23,154.343712
3.386908,18,154.74648
-8.638349,21,155.296469
7.828217,65,156.25468
-8.94021,23,156.771851
-3.630978,23,157.347425
1.530896,14,157.774621
-6.974404,47,158.604184
-5.32412,38,159.303472
5.64745,79,161.183368
5.539939,32,161.758961
13.586202,25,162.287632
-2.962139,32,162.898109
-5.135877,29,163.439651
-3.606676,35,164.031037
1.04531,27,164.599799
3.351518,35,165.305677
-6.551122,61,166.215889
-3.25854,8,166.602629
-6.245727,31,167.18309
0.636727,6,167.532005
4.924422,32,168.151832
-3.727035,12,168.576285
10.077068,27,169.19601
-4.517927,41,169.923432
-1.611537,7,170.235286
4.387827,47,171.035665
-5.216207,51,171.855015
2.304075,13,172.287494
-2.61729,8,172.66386
7.183986,15,173.113882
0.824298,21,173.618011
5.098476,34,174.314437
-1.13498,29,174.928518
0.766696,18,175.431131
15.062549,24,175.981977
-1.613049,43,176.657191
-0.737815,6,177.019109
-5.602227,22,177.449529
-1.138287,20,177.96412
12.186916,57,178.855998
-5.885492,21,179.367512
-2.927703,26,179.936281
-1.415152,34,180.594584
9.927062,69,181.666079
-8.143512,37,183.114795
-0.969382,30,183.72289
-4.669509,26,184.361773
-4.87594,30,184.955359
-8.98707,24,185.521933
10.200176,50,186.399433
6.777039,77,187.492899
-0.241841,10,187.829694
-4.367767,59,188.838387
-0.809712,17,189.279356
13.724255,76,190.399415
-2.352042,86,191.696814
-0.880714,48,192.521821
5.916009,86,193.784254
-1.974244,25,194.329075
-5.119882,20,194.786303
-1.984793,11,195.242723
3.420519,14,195.640029
-3.007863,14,196.116556
-16.173382,61,209.231531
-0.306024,39,209.948936
-2.406757,15,210.463487
-2.442406,13,210.868366
8.168878,32,211.493909
-10.759671,62,212.493508
1.629639,14,212.847625
0.677162,20,213.376621
0.992384,22,213.957058
6.116487,18,215.411806
2.088813,89,216.70747
14.596609,79,217.788366
-2.614172,15,218.189892
11.775558,93,219.466864
-3.227845,16,219.859121
-2.237287,25,220.394723
-0.64572,27,220.935724
-2.328302,19,221.452514
2.01932,22,221.890908
-0.85533,36,222.539182
-3.962009,15,222.943074
-2.176108,21,223.461224
-15.216112,41,224.108948
3.883048,10,224.523831
-4.285437,37,225.265969
4.163278,28,225.825217
-1.88688,9,226.238601
2.263614,14,226.595197
-6.834342,40,227.32207
-0.485446,27,227.850958
1.279203,18,228.271535
-1.942163,23,228.838792
-4.105391,20,229.298662
6.44661,26,229.800242
-3.425313,42,230.590918
-8.410059,43,231.326312
14.940286,20,231.793907
-1.994086,10,232.179424
-3.256483,46,232.947847
-2.106152,21,233.451153
-3.458875,40,234.113332
-5.045612,12,234.434241
-3.183701,68,236.304743
-2.413491,41,237.11376
0.159793,23,237.54704
-3.337554,22,238.082814
7.716133,36,238.688763
-10.776423,78,239.871702
3.364165,18,240.3242
-10.421496,52,241.140232
0.881104,11,241.59639
4.37279,35,242.313884
4.560603,20,242.794513
14.629918,91,244.095195
-4.618008,17,244.510553
2.492774,56,245.411839
-2.586783,69,246.478232
-4.756299,36,247.197402
12.445756,42,247.958599
5.617491,28,248.58467
-7.759171,48,249.399067
2.668091,20,249.832088
1.536669,8,250.176984
-1.1522,17,250.651841
-10.317126,26,251.205463
3.559747,30,251.828957
-0.716753,21,252.256989
0.170187,14,252.677277
-10.33349,35,253.311181
2.74851,21,253.733888
2.028954,20,254.222124
-13.566714,48,255.022858
-3.353913,18,256.147481
1.640462,31,256.834632
6.068397,31,257.544404
3.557289,25,258.101745
-2.726099,15,258.565076
-3.315578,46,259.285518
42.036515,93,260.617076
-1.034475,23,261.16384
3.805277,28,261.767442
1.536631,15,262.14816
-3.858134,21,262.577704
-0.409929,14,263.000999
-1.043976,47,263.77141
-4.685232,15,264.175329
-1.138404,36,264.781012
-1.23697,13,265.128657
-14.355246,37,265.796241
-3.018965,32,266.432568
-8.535234,37,267.127649
-1.397323,41,267.882828
1.048952,10,268.226242
6.238928,50,269.044604
5.164426,48,269.833768
2.403686,15,270.217191
-8.882473,21,270.703477
-7.091588,83,271.830925
-3.280755,10,272.193849
-3.991788,24,272.744677
7.466905,32,273.29689
3.858508,23,273.877641
-6.34503,36,274.512444
-15.053896,75,276.40445
-0.632606,24,276.876627
11.417408,19,277.351882
-5.649101,39,278.029264
7.72491,19,278.485989
-4.050143,24,279.041227
-3.567706,25,279.544508
-4.006177,23,280.016482
-0.801368,35,280.665852
6.960258,59,281.618372
-9.326109,68,282.657219
4.758612,52,283.469996
-1.943727,12,283.885344
-3.386103,16,284.282292
4.321006,32,284.823083
7.640478,33,285.431023
13.742099,82,286.635631
13.777076,23,287.191163
-4.537884,11,287.554205
5.777702,33,288.091768
3.683707,62,289.097379
-8.885936,30,289.753837
0.595227,20,290.212474
1.768724,55,291.147253
-7.157998,26,291.76385
2.450287,30,292.367186
-4.344866,38,293.072865
11.106181,69,294.086648
1.94302,29,294.722683
-1.554498,21,295.188636
-0.815071,17,296.581597
1.163543,66,297.538881
-5.591446,23,298.062161
-5.805611,46,298.779416
-5.520325,23,299.301502
-9.199118,29,299.900361
-3.696706,85,301.10085
6.127156,56,302.011676
-0.206132,10,302.296314
2.233864,85,303.461925
20.283279,93,304.717451
-0.654409,27,305.309789
15.449441,62,306.190707
-1.839247,12,306.611031
-2.750407,19,307.043992
6.483659,40,307.78727
11.931985,69,308.823383
-1.3935,25,309.417786
7.018965,52,310.26609
-2.772173,22,310.748055
0.849689,14,311.138264
-4.421842,19,311.581967
1.849777,16,312.046115
-0.659365,20,312.524321
-2.883164,22,313.048708
2.134094,33,313.66279
14.077634,51,315.187112
-3.16592,48,315.972083
-1.249449,25,316.521956
-12.339295,38,317.278761
-1.631151,5,317.60826
-4.564902,21,318.134324
20.928237,51,318.979604
-1.361762,19,319.453014
-3.62766,25,319.983877
1.530542,8,320.42298
-7.086164,21,320.937329
2.170842,25,321.480526
-1.086686,20,321.917219
-11.09289,33,322.481855
3.099789,78,323.569122
6.618749,67,324.544962
2.393419,16,325.015207
2.735011,38,325.684279
-0.66466,54,326.559858
-3.086516,15,326.977162
1.609201,16,327.475597
4.604952,28,328.011885
5.535643,44,328.744877
-7.421693,16,329.204384
-3.058542,18,329.632695
30.472187,94,330.939663
6.166308,44,331.742138
-7.630114,45,332.543407
-1.095188,29,333.123669
35.078618,87,335.173115
6.106328,46,336.042894
0.827613,55,336.870996
3.302243,32,337.480615
-1.008442,19,337.974174
13.157278,76,339.113304
-3.264069,55,340.011881
5.046041,40,340.750362
4.366418,44,341.502299
-9.646414,19,341.983063
4.331513,49,342.842891
9.494924,37,343.507702
-5.309122,20,344.040057
-5.584311,18,344.55618
0.636613,19,345.026765
1.447657,38,345.658137
3.20425,27,346.259969
0.95538,28,346.781792
3.879733,63,347.782158
2.752753,9,348.183789
10.381544,75,349.26421
2.352971,12,349.63352
1.959327,17,350.128774
-1.389306,16,350.581644
2.200576,36,351.277349
-7.758125,25,351.771898
0.195102,20,352.276029
1.194933,13,352.672791
19.328319,51,353.483662
3.350712,28,354.043328
-0.118752,16,354.42308
9.905911,31,355.605225
-4.239322,34,356.198701
0.261271,29,356.832277
0.863606,16,357.186884
-4.349155,56,358.076113
5.60218,34,358.724127
2.416658,22,359.204238
-1.361247,15,359.637699
-1.324434,38,360.365131
-4.519581,10,360.762914
0.376581,91,362.101931
3.468968,35,362.743716
11.589375,45,363.46951
4.086313,39,364.173912
-5.830861,80,365.324821
11.165328,26,365.845309
2.783904,22,366.306034
-0.602758,23,366.838761
-0.061745,14,367.186107
1.710393,23,367.729945
-1.465047,26,368.252111
-5.476251,33,368.851381
7.159626,17,369.382792
0.957856,31,370.026559
2.549557,17,370.460193
-18.477426,40,371.171709
6.746236,22,371.704945
-3.441991,50,372.514612
-1.819677,63,373.526316
-0.143617,14,373.972909
3.743098,47,375.431831
-1.688129,26,376.030853
4.419723,39,376.765171
2.586451,42,377.50899
4.836502,25,378.048797
-6.765824,22,378.508028
2.842181,23,379.094116
3.898427,20,379.599666
-6.854503,45,380.34668
0.049453,17,380.744302
-4.992743,57,381.621395
9.439625,22,382.15
-10.64907,93,383.441641
1.706329,19,383.974669
-1.969782,5,384.23867
0.294624,10,384.669641
-15.585744,67,385.694819
-5.501345,39,386.454367
12.465356,73,387.536358
0.155064,22,388.070549
5.061625,25,388.708749
6.316766,55,389.631309
1.293069,14,390.085259
11.953369,21,390.621111
-14.066094,92,391.982937
-4.310693,35,392.649379
11.059944,55,393.524387
-11.905315,58,395.283862
-1.232364,46,396.064553
4.612097,20,396.562117
4.167421,16,396.936016
-1.245564,70,398.063665
-3.735152,16,398.477007
0.389845,20,398.979182
9.541466,43,399.728072
4.454443,25,400.251198
-2.411637,13,400.674034
5.95942,24,401.211403
-1.536391,33,401.875792
-0.6906,11,402.261414
0.643519,20,402.764435
-6.006253,77,403.814821
10.520643,69,404.909815
2.123154,42,412.91172
-4.688706,18,413.375359
-1.282372,17,413.906406
6.193149,16,414.304962
-5.882493,42,415.02263
1.987664,25,415.545125
-2.028073,52,416.388854
5.62922,25,416.992916
15.140136,65,418.004462
8.100596,45,418.761938
-2.43231,9,419.073908
7.61772,58,419.975735
-3.241537,44,420.691205
4.969776,26,421.294877
8.267297,32,422.636924
-12.191322,67,423.709669
7.666302,50,424.572121
1.015463,28,425.114572
3.302113,37,425.751897
4.856197,41,426.446199
1.365749,41,427.124225
13.343579,74,428.214687
0.045928,33,428.84143
-1.716234,9,429.245524
-2.430337,18,429.732895
-3.007372,54,430.654727
-2.99675,21,431.166785
1.998375,33,431.847544
1.534221,71,432.919028
3.680428,26,433.447532
1.364744,17,433.974171
2.963902,36,434.66657
5.324898,45,435.442148
-10.124755,24,436.054915
4.650099,34,436.659569
-5.500593,35,437.353024
3.949757,29,437.903438
8.163649,26,438.440647
13.353346,38,439.181535
-6.613985,20,439.666453
-7.214392,33,440.261625
0.22369,43,441.000557
-8.815252,49,442.957794
-2.943954,21,443.455764
26.646747,62,444.409758
5.401666,33,445.085256
1.809261,34,445.788518
-2.562973,11,446.217228
2.940603,25,446.785969
-4.438546,25,447.298422
-0.560448,5,447.5928
-1.693703,22,448.13645
-1.350404,11,448.503658
17.005583,90,449.849666
-18.650721,73,450.954433
-3.383235,14,451.320942
-3.779332,17,451.799234
-1.878595,75,452.899508
-12.026989,37,453.573251
-4.111172,14,453.962816
-4.984346,32,454.69428
-2.033205,26,455.272518
-3.413581,35,455.886757
-7.573901,17,456.358645
-6.637587,32,456.958385
-0.921043,7,457.345573
7.176015,48,458.11809
-1.234496,22,458.622613
3.978404,19,459.081859
-4.601713,25,459.660871
1.351903,26,460.210708
6.285715,36,460.870971
2.013314,27,461.498253
-2.175059,26,461.989696
-20.543868,69,464.162501
2.810954,23,464.717318
0.463491,37,465.503887
5.955555,22,466.014542
4.496659,18,466.455414
-4.656552,34,467.142062
-4.739174,22,467.683965
2.11819,13,468.113525
-7.396881,31,468.726562
-7.427773,41,469.565989
-1.720522,70,470.794466
9.032627,84,472.07954
3.337149,31,472.763774
-4.496129,15,473.291953
-2.116981,5,473.547869
-0.805854,21,474.050261
2.407655,26,474.69111
-22.444313,70,475.844373
0.666407,17,476.405881
-6.563974,69,477.486344
3.482244,8,477.862215
-4.974151,52,478.739113
-7.998983,20,479.233397
-2.654283,14,479.643513
-1.535806,14,480.069432
0.357524,41,480.808151
-3.050948,91,482.150391
9.896017,95,483.436271
-6.064698,38,485.036769
0.604472,13,485.515989
3.030279,54,486.450876
-2.882378,26,487.056699
7.385728,44,487.908067
-0.37906,28,488.531681
-4.639171,12,489.046694
0.52367,58,490.117202
-5.820715,13,490.488822
0.97318,26,491.151515
-3.528639,12,491.590966
0.302358,16,491.982813
4.51849,62,492.993013
-2.615497,9,493.301038
-9.744203,79,494.437811
-5.404864,36,495.082908
-10.41347,23,495.579639
-13.219297,59,496.495653
-0.315169,27,497.051151
-0.419223,24,497.61494
-2.762787,91,498.949304
13.133661,96,500.218992
-0.72426,24,500.789125
9.172054,52,501.645465
5.97619,57,502.53957
3.524945,22,503.085577
1.518699,11,503.462502
0.809165,54,505.010263
-0.267978,31,505.610641
-8.982748,28,506.28922
0.258899,6,506.664141
13.205673,64,507.647808
1.894933,31,508.277047
0.515334,12,508.665891
0.12531,15,509.1071
-4.982851,24,509.619287
1.650829,34,510.31018
0.049958,28,510.853141
6.701962,64,511.842242
4.866994,21,512.373186
-5.185101,21,512.925091
7.715566,42,513.632823
-0.187011,29,514.26558
13.196862,67,515.33308
1.606437,10,515.74385
-1.592961,56,516.59202
1.438369,7,516.982864
1.970249,53,517.881118
5.327792,33,518.475605
16.933637,46,519.192664
0.23533,13,519.566628
0.035363,17,519.999305
8.687822,45,520.785986
13.105496,53,521.689653
-0.948054,82,522.929674
-3.101022,15,523.370934
-15.955505,49,524.108055
4.290791,24,525.257663
-6.144805,30,525.844334
-3.20328,10,526.216196
2.529417,58,527.079775
16.726635,86,528.333376
-4.219329,22,528.877302
5.889708,51,529.743606
7.434805,41,530.551209
2.747563,26,531.080374
4.896538,52,531.940985
-8.115933,24,532.4643
4.96201,27,533.027378
9.982514,18,533.431714
11.515331,45,534.267105
-4.116844,29,534.85018
-7.36538,46,535.616766
-1.771792,18,536.093298
4.135252,21,536.58969
2.991825,22,537.034633
-1.432486,25,537.554259
5.560649,13,537.933342
-2.407387,18,538.348965
14.402446,71,539.493035
-1.69466,73,540.616935
2.135651,18,541.088916
-7.364375,92,542.371831
14.434572,96,544.274197
-4.391024,21,544.772799
-7.640765,88,546.067309
-0.39551,10,546.413306
3.147562,37,547.028585
2.106662,10,547.451899
1.974562,19,547.926873
0.472429,50,548.775733
11.535168,40,549.47267
11.034172,43,550.228035
7.173658,33,550.925836
0.371293,38,551.614838
9.907587,93,552.956698
0.729015,44,553.661089
-3.291494,39,554.318181
-9.559154,72,555.46926
-10.795456,94,556.868507
-1.547537,8,557.190279
2.747796,11,557.573828
-5.657748,26,558.07989
0.994863,14,558.469381
-0.634568,27,559.062423
7.609346,24,559.631228
-0.271945,53,560.578229
-2.512505,11,560.970262
0.426385,11,561.321882
-7.407337,26,561.899328
0.759166,65,562.93495
-3.668312,28,564.313945
-1.313402,22,564.845344
-4.66399,12,565.252312
-4.69942,24,565.811545
7.915852,37,566.39859
-4.199523,9,566.75663
4.978411,26,567.33426
1.33888,38,567.962425
-0.758045,8,568.344086
-1.273381,10,568.729394
13.070141,94,570.005551
9.261917,92,571.367383
5.989777,20,571.885814
-1.914567,34,572.585367
-0.136246,31,573.132941
5.844465,20,573.595161
0.709107,54,574.51567
2.001162,34,575.174671
1.49852,25,575.69923
-2.348094,39,576.373029
-6.474865,65,577.406145
-0.145677,46,578.177795
5.446281,23,578.731438
-2.923647,78,579.829041
2.734645,19,580.252192
5.628953,32,580.876547
-3.145973,38,581.612114
-1.368648,10,581.963941
0.273851,11,582.384153
1.158453,21,582.923686
4.308334,91,585.014096
5.524523,19,585.461825
8.913246,87,586.74027
1.243478,11,587.132592
-11.423474,35,587.746969
0.054246,6,588.052954
1.172781,27,588.598301
4.805802,21,589.07994
-2.490173,39,589.820542
-7.819058,24,590.33896
-6.970179,60,591.373761
0.019815,19,591.811322
-5.028957,23,592.351983
8.149669,30,592.886878
-1.034166,64,593.892171
-3.349661,22,594.339148
3.683474,62,595.37765
1.751681,15,595.837293
-0.589485,7,596.140295
-11.034492,50,596.880999
-13.085847,64,597.865573
16.977038,78,599.002574
5.682357,27,599.654876
6.667813,18,600.106869
-1.523325,42,600.827715
-0.199256,32,601.443772
1.384879,17,601.872893
5.082423,22,602.440253
-5.78063,62,604.056265
0.814435,7,604.393661
-6.118893,44,605.202034
0.993673,73,606.268404
13.192671,41,607.02505
-3.27903,45,607.78464
-8.128019,93,617.693802
-0.838554,7,617.989279
0.865758,13,618.404878
2.561347,24,618.960408
9.271808,24,619.502839
-1.703062,38,620.213707
5.221351,13,620.585909
-2.513206,23,621.123207
2.430129,32,621.77506
4.395946,51,622.631199
-9.352761,33,623.348957
5.861779,16,623.798653
7.078893,51,624.605895
-2.294554,5,625.028909
-1.197138,20,625.497203
-3.586007,10,625.886427
-6.722239,29,626.490215
-0.249036,21,626.899287
8.050276,91,628.193411
6.354719,41,628.88684
5.320917,47,629.693743
3.889047,20,630.201309
3.091504,14,630.675059
4.148405,91,632.668041
-2.150898,10,633.065317
0.508239,11,633.452674
2.080561,15,633.8927
16.061013,37,634.614972
6.143191,43,635.327383
1.257294,31,635.962238
-1.006869,44,636.688099
6.605033,54,637.56396
-6.451936,30,638.191865
9.456095,29,638.744702
-2.355173,29,639.374667
-5.303459,16,639.792904
-8.537389,44,640.495266
0.872146,8,640.925337
23.693674,43,641.601198
-6.590836,34,642.240238
-1.221885,8,642.533744
-2.756318,20,643.021826
-6.319128,41,643.743465
-6.603317,85,644.949533
-4.240373,36,645.602192
5.263829,18,645.989345
-5.300627,19,646.425162
-0.461101,41,647.168977
-0.712681,48,647.941059
1.91093,31,648.486081
3.369148,47,649.237307
-0.857383,26,649.720741
-0.280481,19,650.143155
0.202411,22,650.675628
-0.383648,17,651.133775
-2.846832,58,652.795322
11.735262,61,653.747028
0.657656,12,654.174958
-8.757128,73,655.290582
-1.244676,48,656.053412
-7.347709,23,656.620943
-3.043079,39,657.316173
1.613558,22,657.844069
0.287744,23,658.307697
8.619472,62,659.287638
3.229473,21,659.792636
-0.102592,15,660.208224
4.680297,23,660.767139
27.455638,91,662.141063
0.545197,15,662.583054
-10.80274,67,663.682433
-4.783902,32,664.313947
45.283188,95,665.595625
-0.297132,16,666.0256
-3.320719,58,666.969269
-3.202086,19,667.515087
-2.439057,24,668.073063
-7.740363,38,668.726008
4.636423,32,669.429641
-26.22392,66,670.416632
-15.916277,86,672.484342
3.944865,21,672.977777
-10.064911,61,673.913452
-2.362347,53,674.756104
-6.847093,40,675.379802
0.578826,55,676.220176
0.283707,11,676.581015
1.388213,9,676.949717
6.116824,22,677.412723
-0.527024,12,677.814823
-8.29511,58,678.672318
4.135624,19,679.149798
-1.291886,32,679.744321
6.834388,16,680.124641
0.237802,45,680.889138
10.019298,26,681.430331
-0.639307,9,681.792996
1.391421,23,682.275554
-2.417256,18,682.696071
2.127591,14,683.169323
-4.958902,90,684.511343
11.465891,85,685.647626
0.687045,11,685.972854
-1.107437,13,686.397274
10.889124,93,687.638979
-2.746429,64,688.570913
-5.24397,33,689.161177
-5.63952,32,689.744134
5.382936,17,690.20191
-0.851107,16,691.248518
1.748683,40,691.955013
0.181339,8,692.239033
2.946831,32,692.851919
5.100068,13,693.235007
-11.693505,56,694.175876
-5.290618,18,694.681091
-1.780755,26,695.223761
4.948358,46,695.948483
1.253367,40,696.638498
-0.931164,15,697.022265
-7.273405,63,697.966467
-0.55557,18,698.408439
-3.700033,15,698.769319
0.049793,39,699.425427
0.521314,13,699.789865
2.198281,14,700.273261
1.60049,8,700.595948
-8.148485,24,701.069305
8.716659,21,701.547841
-3.052382,8,701.830524
17.349744,89,703.018333
-1.132242,36,703.714413
7.439969,21,704.247718
-4.207112,26,704.76464
-2.61392,13,705.118348
-1.327695,8,705.510178
-2.861773,15,705.899382
-1.881568,12,706.284525
0.881213,15,706.680906
5.024076,69,707.744617
10.817831,40,708.477271
-10.505046,41,709.164405
-3.513519,11,709.558797
-1.373377,38,710.249598
0.338966,18,710.700672
8.887658,44,711.925149
2.642512,12,712.312772
0.453992,26,712.853244
-1.100664,14,713.267346
0.294623,24,713.769769
-3.034717,36,714.381864
1.76646,70,715.34211
7.159146,91,716.573742
6.448706,15,717.019956
11.88415,76,718.092973
-12.083039,93,719.31438
-13.564397,57,720.186292
-2.746789,50,721.003341
-5.55132,48,721.736827
8.551425,78,722.854258
-4.802327,21,723.348327
9.640177,61,724.297313
-3.329283,80,725.453209
4.143141,11,725.774109
2.11281,11,726.081443
11.263105,29,726.647849
7.136638,33,727.230552
10.873017,39,727.918057
-4.83953,29,728.503821
-15.976381,74,730.130985
-0.926222,18,730.57264
-2.916192,31,731.117475
-1.930941,19,731.53909
-1.253198,18,732.069242
-0.864623,21,732.502349
1.348734,34,733.057432
0.642028,62,734.057721
0.299145,30,734.681193
-0.069873,11,735.011811
0.199511,43,735.684508
-9.019448,29,736.22561
15.872597,54,737.07842
5.030957,39,737.789501
5.840306,19,738.26007
18.516512,77,739.35086
-1.4932,18,739.792247
0.090394,21,740.247378
5.161041,22,740.75482
4.711098,66,741.699891
3.85843,40,742.322527
-8.72773,24,742.822708
6.338336,29,743.371137
11.224759,86,744.473353
7.995394,16,744.879959
-5.390976,48,745.57566
-9.561173,64,746.448696
2.538948,11,746.789319
-4.507186,25,747.494739
2.670152,23,747.94552
-10.008757,59,748.76214
0.537898,44,749.404556
14.741058,91,750.640454
2.610067,75,751.694013
11.892668,70,752.671744
-1.46838,40,753.346412
6.54448,60,754.26495
13.371537,49,754.946281
1.382275,23,755.378106
-2.802804,10,755.778143
-2.694547,72,756.759258
2.052601,91,757.934884
-20.440535,92,759.133695
-2.818983,16,759.598885
-4.780375,14,759.949013
3.083993,37,760.588747
-10.298679,65,761.44519
-9.488809,56,762.19837
6.97388,57,763.298251
10.157615,45,764.049144
-8.136619,35,764.693947
0.854723,12,765.07198
-1.554952,9,765.448599
-2.238262,18,765.868795
-2.421847,22,766.305196
3.842831,29,766.853158
-1.082924,53,767.665876
3.769295,29,768.216113
-0.798526,35,768.776107
2.563748,16,769.195833
-4.339948,10,769.539618
1.912843,24,770.052381
-9.191745,58,770.901341
-0.95725,13,771.245492
0.621459,9,771.588098
7.250389,75,772.586563
-5.163006,14,772.943053
9.892035,25,773.429989
-4.704767,14,773.78825
-3.603076,57,774.550782
-7.481912,36,775.10737
6.934413,36,775.72035
25.309767,96,776.887936
7.185949,22,777.357992
-1.031606,11,777.689631
-0.832338,68,778.627508
3.365929,19,779.04906
-2.208845,19,779.514495
-0.95688,38,780.105284
4.128548,27,780.668541
5.160542,32,781.557455
3.670201,29,782.098903
1.18239,22,782.576138
-4.661331,33,783.219222
3.287987,18,783.652299
1.308703,21,784.031773
-6.261463,35,784.602118
9.288636,77,785.677707
6.190734,24,786.113345
-1.840033,19,786.596871
2.569379,10,786.900093
-1.957138,18,787.336247
13.437541,88,788.586591
3.101598,14,788.979131
5.976893,37,789.637384
-3.473152,18,790.028779
-6.940989,22,790.452056
-7.027293,20,790.912054
-1.639646,17,791.331003
-5.712428,31,791.912859
-7.677094,12,792.286587
7.345476,76,793.349437
7.371876,36,793.917549
-2.945896,42,794.564675
-1.291958,26,795.142233
4.989633,34,795.726179
-3.598536,25,796.233583
1.788272,22,796.727325
3.737109,45,797.420589
-2.880438,21,797.891036
-3.119487,10,798.278074
-2.488609,13,798.616192
0.409374,17,799.000716
-3.190541,27,799.591116
-1.477844,17,800.065177
-2.35903,47,801.017177
-19.420327,57,801.949345
3.639425,24,810.279454
3.654338,20,810.770199
5.432817,17,811.208447
-2.402156,17,811.641735
-0.080902,16,812.038609
0.613748,47,812.775044
2.252509,25,813.269048
-5.055844,25,813.724912
3.104774,32,814.318638
-1.018202,10,814.696621
6.920535,21,815.192531
-0.657154,28,815.75073
6.148195,30,816.261987
8.028674,27,816.822624
2.033079,29,817.341754
-1.427884,21,817.807301
-0.772439,10,818.110101
2.308855,50,818.890674
-3.379788,21,819.332528
-7.162636,31,819.881868
0.379282,23,820.345766
-3.052902,17,820.826069
-5.287423,23,821.362837
-0.48098,9,821.679379
-1.637993,38,822.354505
-3.194488,7,822.610496
-10.983741,37,823.198382
-3.782501,6,823.499309
-1.046976,20,824.021157
2.238292,55,824.808254
13.629849,91,825.997995
-1.880877,12,826.326714
-4.767727,15,826.734016
-4.637558,20,827.206116
-3.203666,17,827.653738
-0.4339,21,828.119394
1.366567,51,829.214572
-1.75542,13,829.650267
-2.267281,19,830.182706
1.541353,29,830.730441
5.25465,15,831.126132
16.48001,71,832.128347
5.473128,29,832.698534
-7.654846,40,833.385436
-18.479674,58,834.274967
-12.025491,46,835.029172
1.669748,11,835.420561
11.412558,42,836.095839
3.464902,24,836.554868
-2.696099,9,836.847855
-3.512836,33,837.426961
-7.273142,93,838.653932
6.114681,46,839.334164
10.253375,47,840.082282
-2.272342,13,840.507001
-3.619573,27,841.043705
5.568066,31,841.619383
-5.660166,16,842.060033
0.675827,57,842.922689
5.968035,35,843.51989
2.399392,12,843.906645
-1.984711,24,844.384969
-3.722318,26,844.895934
-4.711032,15,845.266307
-0.88648,26,845.804094
-0.928568,12,846.200361
1.855763,23,846.725919
13.828044,33,847.34671
-2.883452,37,847.899752
10.023647,19,848.636362
-1.537688,28,849.150143
-0.068597,21,849.699459
-2.541538,24,850.297057
5.943084,70,851.257659
-2.874902,32,851.85698
3.929797,15,852.276871
4.228565,24,852.809217
8.679857,55,853.630516
-1.479526,41,854.38442
6.185951,52,855.189181
6.461187,53,855.96012
-1.466987,31,856.55168
5.213763,48,857.308297
-5.725901,50,858.076222
10.713811,68,858.969848
15.513109,63,859.80528
-0.726931,7,860.131154
-0.119107,16,860.50544
-0.736184,12,860.911029
6.426371,28,861.510958
4.469678,56,862.405
-5.427072,22,862.894998
11.114848,29,863.451783
0.984709,42,864.185171
4.729193,52,864.970999
7.567884,55,865.825443
1.394142,25,866.698164
0.958788,33,867.272786
2.556085,21,867.750468
2.276025,87,868.893144
6.084758,66,869.764591
-1.628334,19,870.297869
-3.224495,34,870.879314
2.296526,25,871.365242
11.246788,49,872.174843
4.667311,33,872.809626
-13.924018,70,873.789353
2.602672,28,874.331724
3.19246,23,874.861826
3.776868,25,875.3814
-5.371952,29,875.907843
-1.468326,10,876.320743
-1.711706,10,876.703904
-0.380897,11,877.064498
-3.402394,27,877.615336
-0.360712,20,878.07299
-5.883204,94,879.25953
4.357192,33,879.83435
8.781874,70,880.754791
1.777813,54,881.616693
1.150654,20,882.02666
-0.791409,44,882.754721
-9.219899,37,883.400569
3.766706,55,884.53583
1.036957,35,885.107025
2.574713,12,885.460734
-0.879339,19,885.93049
2.084488,26,886.438664
1.163756,11,886.815278
2.257519,30,887.413594
-0.410853,13,887.843673
-1.054488,17,888.313251
-3.861336,30,888.886211
10.075525,54,889.704342
10.075591,55,890.525452
-1.729711,13,890.947848
2.454175,18,891.335646
-4.004006,40,891.991007
15.082289,66,892.919242
6.930637,72,893.937658
-7.105635,19,894.40844
0.389067,28,894.998134
-0.53065,12,895.324571
-3.67751,31,895.933938
-7.626182,27,896.436705
-6.315981,35,897.0136
-4.213078,16,897.467738
-4.317944,15,897.918334
1.471153,14,898.282353
-2.875554,19,898.683256
3.760199,29,899.203003
-6.184073,33,899.796089
-1.97524,41,900.431637
12.23641,58,901.261899
0.67885,40,901.92782
10.591702,73,902.976729
-1.006188,16,903.76262
-5.03048,68,904.731036
-3.03965,50,905.496696
8.101077,52,906.289611
6.128492,20,906.723072
1.199604,60,907.64529
-1.211781,10,907.9691
6.249401,59,908.833963
9.923383,77,909.877352
-7.930589,24,910.339974
-3.654092,14,910.757501
1.318319,20,911.232118
-0.310986,57,912.075041
-1.922399,9,912.451753
-1.388133,44,913.10971
10.177127,30,913.684532
0.709772,28,914.2581
-0.521637,53,915.056251
-9.646955,48,915.786588
2.896473,33,916.302518
7.532951,35,916.921024
2.98972,21,917.325522
-1.998022,11,917.6381
-2.815664,19,918.023271
6.893987,30,918.619616
17.01128,64,919.471445
0.775829,12,919.875658
-0.226038,14,920.266076
10.304714,60,921.127602
0.817924,48,922.151525
-2.342448,23,922.65304
10.85467,28,923.209186
4.109912,28,923.684939
-7.350814,21,924.131379
-2.912991,24,924.63589
11.510084,62,925.483577
-4.286373,35,926.061415
-3.569075,31,926.621292
7.400137,75,927.666256
-1.45556,18,928.129919
2.536774,32,928.665904
2.466034,21,929.10385
6.443054,43,929.870711
-0.201534,38,930.529184
5.548006,28,931.042832
8.175612,36,931.665095
9.286402,30,932.289207
3.374475,22,932.741245
7.887561,66,933.630488
4.583329,27,934.187603
-18.100005,94,935.386335
1.129866,17,935.86241
1.307907,85,937.086546
1.392166,10,937.489302
0.007882,25,938.00764
4.812741,31,938.674119
-3.571953,88,940.280231
8.7491,49,941.0645
1.033258,21,941.521853
13.897211,58,942.32858
5.625636,30,942.93242
2.979933,34,943.477612
-1.487311,23,943.907708
-0.860148,38,944.538127
-4.300924,54,945.340521
0.680667,21,945.816322
-0.764607,27,946.382416
7.251005,65,947.36995
-1.632498,25,947.905922
-7.364796,39,948.530201
-1.063536,19,948.973595
5.288404,95,950.207715
4.169029,17,950.618653
-0.822,14,951.009237
1.950295,13,951.45256
-4.533076,26,951.969161
-1.320126,22,952.427092
-3.094501,13,952.80625
5.887156,49,953.539037
-2.031898,18,953.984908
8.272604,14,954.339169
2.724499,12,954.678437
-1.282655,16,955.105501
-6.488013,78,956.197625
2.528302,15,956.574034
-10.875731,56,957.407556
3.615409,30,958.270056
-2.269058,9,958.638016
8.183369,26,959.183695
1.540699,30,959.78774
0.604314,32,960.421203
4.935279,20,960.862151
-4.170734,84,961.985579
-2.081248,7,962.377816
13.507723,87,963.639626
6.420545,34,964.218048
3.315705,17,964.680004
0.660416,15,965.122221
-0.373777,12,965.52114
4.307839,18,966.008535
-2.734941,15,966.440391
3.686441,50,967.173131
27.969257,77,968.307458
-2.598243,22,968.763084
9.521986,22,969.265791
15.565163,45,970.008205
3.216805,28,970.585635
-3.25467,51,971.38694
-0.332359,20,971.945855
3.839757,44,972.704263
0.459684,17,973.148365
1.540037,24,973.655835
-1.074014,37,974.232298
-8.477319,88,975.458886
-3.655352,46,976.105223
-5.550177,19,976.529876
11.443806,60,977.777709
2.706519,27,978.336804
-6.495173,42,979.052219
-6.648474,41,979.77304
-2.363206,24,980.291418
8.954008,92,981.534065
-1.353999,38,982.212467
-12.088888,33,982.767788
-15.094918,84,983.915739
7.608513,41,984.617076
9.609622,42,985.265057
6.929198,23,985.785254
-9.477243,84,986.915785
1.373141,16,987.312022
16.269424,76,988.389768
12.657512,43,989.077021
0.368471,14,989.548888
1.696998,12,989.926136
6.805762,58,998.560309
0.445622,28,999.104512
8.357236,64,1000.002619
-1.189431,10,1000.282172
6.885212,35,1000.915315
-0.498129,10,1001.259971
1.522995,22,1001.731508
-0.473628,47,1002.76892
-5.689131,39,1003.442148
-1.660719,23,1003.908116
0.044442,26,1004.518887
19.239617,47,1005.309396
0.82809,28,1005.85669
-6.592432,28,1006.37144
0.643487,24,1006.859962
-8.706763,70,1007.787785
2.118221,23,1008.327184
-6.739314,90,1009.55041
5.288564,28,1010.162189
-2.132584,34,1010.769073
2.421308,35,1011.320578
7.345095,32,1011.942898
6.777293,24,1012.445227
1.139811,17,1012.803759
3.22847,28,1013.307164
0.250014,41,1014.000668
-1.860984,12,1014.407608
4.137867,47,1015.120808
4.593084,46,1015.864478
7.374003,78,1016.874048
8.029477,56,1017.693893
-8.585682,74,1018.752861
2.836906,91,1020.284099
-1.104074,20,1020.659209
4.273045,28,1021.211977
2.01942,37,1021.877389
2.337612,28,1022.423809
0.711597,25,1022.962642
8.366193,62,1023.840478
14.799173,63,1024.76873
0.165415,10,1025.133864
6.08008,26,1025.671768
4.122808,48,1026.425896
1.702254,25,1026.997346
-0.751773,26,1027.544164
2.719365,11,1027.924192
-3.883572,71,1028.922219
14.081824,92,1030.156691
3.97687,50,1030.911594
0.730533,43,1031.551472
7.382025,39,1032.154562
26.370241,71,1033.142368
-3.068144,56,1033.963431
-3.029246,17,1034.342601
-4.284347,48,1035.11844
-7.326979,18,1035.621424
4.751518,92,1037.092757
-2.305202,12,1037.526508
-5.52714,23,1038.025774
15.228268,46,1038.802896
2.795799,14,1039.211956
4.771275,17,1039.656424
0.231411,13,1040.013691
9.435707,38,1040.671335
-1.169945,38,1041.248568
3.060817,30,1041.832048
4.40959,61,1042.745715
-10.338341,92,1043.953971
-0.57492,12,1044.364803
20.346496,91,1045.496068
-1.448533,57,1046.296183
9.329694,29,1046.837127
-1.014913,21,1047.361038
-5.388834,54,1048.155566
0.64069,15,1048.49463
1.222775,20,1048.960084
6.001827,42,1049.681221
-1.007619,51,1050.425685
-3.017416,17,1050.820416
-0.16991,36,1051.460857
9.755656,82,1052.658852
2.423148,64,1053.537418
8.125215,57,1054.703918
6.912552,38,1055.335303
-13.357502,33,1055.895144
-0.175663,77,1056.949661
-1.277754,10,1057.323615
-2.581836,16,1057.774228
1.780585,21,1058.216075
-8.738597,66,1059.143984
2.040856,56,1060.009725
13.095059,64,1060.888717
-8.4848,21,1061.332616
-2.530826,22,1061.784405
-3.824719,18,1062.262426
-5.519157,51,1063.015662
-2.951944,39,1063.621865
5.89781,44,1064.311299
1.672439,24,1064.816859
-2.726272,11,1065.15637
2.653926,27,1065.684845
20.926789,59,1066.557473
0.280207,11,1066.848714
3.389862,28,1067.355057
0.337042,30,1067.880148
-7.895335,50,1068.596422
-3.476218,58,1069.389888
21.099661,82,1070.450995
-6.485326,51,1071.577343
-2.586706,12,1071.960982
-3.23349,24,1072.459818
14.182312,54,1073.276953
-5.158425,37,1073.920872
-1.647928,16,1074.346955
-1.602517,36,1074.989613
-3.532271,51,1075.803571
-1.932891,23,1076.371103
13.115407,36,1077.058837
-0.757112,38,1077.746413
2.733281,37,1078.420385
23.842957,66,1079.326903
17.494236,68,1080.353144
2.556697,15,1080.78063
1.671895,16,1081.157584
0.539073,23,1081.683136
1.694663,12,1082.10241
-3.710217,9,1082.461424
14.619636,37,1083.107638
22.084954,56,1084.020383
3.097198,11,1084.432357
9.019472,60,1085.27276
-1.047454,13,1085.657132
9.328156,75,1086.69525
5.348692,34,1087.259651
0.099021,9,1087.633129
10.242129,70,1088.572907
-0.712988,42,1089.268409
19.092356,44,1090.279194
4.434399,45,1090.961803
1.965672,15,1091.375199
1.926782,28,1091.912634
9.300022,57,1092.726498
-3.115599,44,1093.432104
10.237266,60,1094.337049
-8.007804,86,1095.518915
11.940312,38,1096.220287
-2.207221,34,1096.803179
-2.37587,8,1097.114888
-1.926004,21,1097.561747
-2.844682,14,1097.90708
0.630953,62,1098.838141
0.571992,9,1099.167456
9.482513,28,1099.725957
-5.294286,40,1100.392944
3.130292,31,1100.956501
2.233606,16,1101.407536
-0.856083,13,1101.7892
11.345585,63,1102.664393
3.453843,19,1103.118497
7.042975,27,1103.617449
3.670515,21,1104.105646
2.841463,33,1104.70583
11.32602,94,1105.954878
5.621076,19,1106.414319
-3.212552,22,1106.924954
3.530433,15,1107.312738
-1.569652,85,1108.721733
-8.476299,51,1109.540886
14.454795,40,1110.234364
2.472333,89,1111.427724
3.517708,47,1112.135409
0.042142,27,1112.643379
1.340494,16,1113.010881
4.712,34,1113.577952
9.729337,61,1114.406026
1.122722,35,1114.996246
-4.898774,33,1115.577281
4.568161,33,1116.200686
-6.018636,25,1116.695758
2.19472,35,1117.306787
2.862013,44,1118.030613
-3.654001,17,1118.483495
-3.397856,23,1118.896085
3.13486,14,1119.258253
-3.132357,36,1119.861389
2.805374,22,1120.316808
21.089209,83,1121.408577
7.654765,30,1121.934176
0.097444,42,1122.596825
-2.434946,14,1123.000183
-4.22217,26,1123.49132
1.699679,23,1123.970286
5.495458,26,1124.435127
8.895213,28,1124.980702
2.648859,33,1125.881338
0.986286,22,1126.296482
29.597268,92,1127.499045
-1.617672,28,1128.066095
-3.288359,17,1128.516647
0.590674,42,1129.173856
8.011225,45,1129.963515
-3.908987,41,1130.60666
-2.507174,17,1131.066658
1.975856,26,1131.536238
-1.541502,34,1132.197936
2.63046,29,1132.795588
-4.786516,75,1133.775947
7.576174,26,1134.230465
0.417714,19,1134.684834
-6.541679,76,1135.631224
-1.00947,10,1135.952618
-3.948372,11,1136.324165
4.225965,41,1136.947753
-3.524664,53,1137.750277
-6.209185,44,1138.369151
9.794706,88,1139.618079
-2.857697,34,1140.223881
-0.146865,64,1141.14943
1.321949,13,1141.480528
4.458305,25,1142.028319
0.293524,21,1142.583955
-1.33573,29,1143.448125
-0.55487,25,1143.994073
12.307343,43,1144.76016
2.602387,31,1145.423367
-0.817836,17,1145.884615
-3.201148,13,1146.329581
-4.259402,43,1147.027088
8.855352,43,1147.718466
11.64165,43,1148.4289
-0.794443,13,1148.801884
-3.455813,19,1149.273521
3.874509,54,1150.076408
-3.966197,26,1150.5323
-6.827836,48,1151.289113
0.941813,75,1152.231856
3.919932,18,1152.700656
5.632858,36,1153.280041
0.197905,26,1153.73824
7.34982,22,1154.271848
-4.803827,22,1154.733899
-4.157303,33,1155.313517
2.989926,75,1156.359329
5.061633,41,1156.979583
-4.284789,44,1157.743043
-3.784737,16,1158.174683
13.495942,36,1158.751145
-3.712569,36,1159.354414
-10.072832,71,1160.376374
-1.195471,7,1160.719398
-6.601217,31,1161.224237
43.02253,92,1162.608498
-2.489194,54,1163.369552
1.493658,18,1163.803829
-0.889802,20,1164.261049
2.473851,23,1164.746148
-0.470824,8,1165.017075
2.627142,42,1165.741898
6.226503,51,1166.48142
10.015506,69,1167.395907
2.285822,39,1168.080993
8.791985,25,1168.555672
-1.580777,13,1168.966369
3.007495,39,1169.556036
20.677863,57,1170.337995
-5.213032,44,1171.044337
-5.513825,21,1179.954911
9.66112,76,1180.984873
8.349942,45,1181.678239
1.503304,17,1182.163558
3.24836,26,1182.739295
9.72197,87,1183.938827
4.424327,54,1184.783037
10.224838,43,1185.517853
3.181311,25,1186.076317
-11.23248,34,1186.704255
3.667436,20,1187.499146
12.463863,33,1188.12018
-9.103038,41,1188.824472
-14.31324,78,1189.900237
-2.809049,40,1190.509357
8.000095,35,1191.061641
-5.105456,37,1191.706977
-1.935719,34,1192.300013
-1.934317,41,1192.943907
4.698219,24,1193.438779
-5.56842,28,1194.002244
-6.520955,69,1194.967985
0.813995,29,1195.485355
1.159202,22,1195.981966
7.709326,39,1196.611658
1.835273,18,1197.052512
2.294701,94,1198.246125
-1.951531,27,1198.752004
-2.851204,67,1199.662268
6.698756,38,1200.328128
2.178007,13,1200.731324
11.420685,58,1201.519464
9.752855,33,1202.10612
-1.297825,51,1202.860517
12.266287,33,1203.411588
-8.774921,50,1204.464891
-6.024715,24,1204.898202
-1.526116,28,1205.393283
-8.618484,69,1206.344723
0.793111,15,1206.744008
10.85068,58,1207.614922
-3.324164,26,1208.108343
6.214168,22,1208.514108
3.879909,46,1209.265494
0.562049,66,1210.181328
-0.155408,16,1210.615885
32.034945,71,1211.594686
11.642202,93,1212.763103
32.628954,92,1213.945058
6.830776,59,1214.77935
5.362426,39,1215.479388
-2.261797,15,1215.8296
1.031766,23,1216.341901
-0.976584,25,1216.816601
4.242708,68,1217.796902
7.524637,52,1218.514376
0.198087,15,1218.966449
-1.048198,16,1219.315644
9.624348,30,1219.847896
-1.887798,10,1220.200957
5.355165,30,1221.067708
9.682496,95,1222.308214
-3.943008,14,1222.698892
3.433516,16,1223.090614
-5.853701,47,1223.83612
-2.76614,41,1224.55045
15.47256,41,1225.28975
5.815655,21,1225.831203
-8.183628,25,1226.349423
12.305992,56,1227.195704
6.260007,78,1228.228835
14.630722,40,1228.939566
4.403072,25,1229.506065
2.390825,38,1230.155485
-11.001867,72,1231.198831
-0.829427,18,1231.624472
-2.952585,51,1232.326268
10.042091,66,1233.26316
-4.08267,37,1233.856601
-0.980572,52,1234.688268
9.119879,60,1235.522297
1.182313,28,1236.038168
-2.95949,59,1236.921341
8.188745,43,1237.880219
-3.619026,25,1238.389184
11.306967,90,1239.667675
0.004439,14,1240.039918
-1.060971,27,1240.561332
14.94243,68,1241.583811
-5.529606,16,1241.981557
-0.272914,22,1242.477114
-0.478173,11,1242.854889
-1.930039,61,1243.728694
-4.230668,27,1244.260402
6.125098,23,1244.764512
3.926181,16,1245.23669
16.942273,55,1246.138301
-3.226186,23,1246.63395
0.278876,15,1247.005597
-5.11874,60,1247.969087
5.21252,30,1248.551014
-4.147139,40,1249.203027
-0.335021,9,1249.535351
-1.408395,12,1249.977952
6.906792,74,1251.052504
10.131998,68,1252.001363
-1.319894,39,1252.635581
-0.750678,18,1253.048026
2.670236,16,1253.466237
-1.354026,12,1253.86814
8.055099,31,1254.491695
4.006542,37,1255.152882
-6.865929,34,1255.721195
9.050556,36,1256.401196
4.370837,23,1257.181309
4.217809,79,1258.286587
11.015014,37,1258.948099
-2.783449,12,1259.361595
22.882798,92,1260.583431
3.077439,33,1261.133718
-6.240369,31,1261.634979
-1.767048,22,1262.135188
-2.17654,30,1262.702109
22.462715,39,1263.362838
-0.889273,8,1263.658486
-5.80801,26,1264.228277
15.665777,50,1265.022647
4.084339,17,1265.470569
2.084122,36,1266.099612
30.289773,88,1267.292735
11.382284,41,1268.036466
0.672168,45,1268.76109
-3.540259,23,1269.321147
9.549608,90,1270.535952
7.296882,20,1270.944251
-0.266946,7,1271.259127
-1.579633,42,1271.971292
-1.559083,59,1272.851096
13.429959,88,1274.27279
4.018791,42,1274.973107
-0.954885,16,1275.412641
13.414327,73,1276.46665
-5.521765,43,1277.170263
4.072738,58,1278.023027
6.004366,25,1278.550949
-4.431079,18,1278.998099
10.043089,66,1279.879915
-9.473476,43,1280.520108
-5.118297,88,1281.631053
2.613875,35,1282.250522
-8.82223,33,1282.766631
-3.14128,13,1283.203913
19.708171,66,1284.139545
-3.563936,40,1284.789283
-2.265276,24,1285.253307
0.77239,65,1286.187027
1.591322,16,1286.634753
2.300287,39,1287.308418
3.965734,26,1287.838355
3.694729,34,1288.465668
0.817651,30,1289.017429
-17.150337,60,1289.826693
3.763067,16,1290.236782
-0.257195,34,1290.878443
4.325053,52,1291.979804
-3.844887,38,1292.591145
-2.421183,14,1293.016088
4.010743,22,1293.52581
-3.60596,19,1294.005047
-0.25589,42,1294.69248
-1.339197,20,1295.180817
12.115824,85,1296.262447
7.320459,30,1296.858895
3.85759,18,1297.248476
6.519214,52,1298.059517
-2.114227,24,1298.540285
27.773445,86,1299.72943
2.130004,25,1300.311106
-7.505593,67,1301.216146
7.894907,29,1301.767915
1.18809,70,1302.698565
0.90851,25,1303.272875
9.77303,33,1303.912089
1.89029,26,1304.398159
-5.784857,27,1304.979628
-2.448468,12,1305.369034
13.836188,63,1306.266054
0.871072,66,1307.298835
1.520025,29,1307.870723
-0.11664,42,1308.569608
-4.583687,37,1309.620824
-0.539204,33,1310.222751
3.876336,31,1310.798504
-1.331368,23,1311.359556
9.720094,22,1311.803291
-0.46693,5,1312.097512
4.315764,29,1312.649936
1.24068,31,1313.184311
0.763976,24,1313.606464
1.406286,10,1313.993649
-1.309471,38,1314.677109
-0.318453,5,1314.957959
13.900262,89,1316.170647
-2.047484,70,1317.144179
8.772426,48,1317.869425
3.469692,10,1318.200638
-16.633302,65,1319.175034
14.286193,49,1319.95494
-1.929628,51,1320.736035
5.307095,22,1321.23762
7.326876,60,1322.063562
1.35066,41,1322.716874
0.496602,9,1323.055294
5.268193,79,1324.140357
6.137736,38,1324.802206
15.577375,64,1325.639484
11.179622,62,1326.576085
-6.765221,18,1327.30015
-12.338039,94,1328.47159
5.380458,37,1329.142754
-0.005762,21,1329.656508
4.582019,27,1330.252265
4.105848,81,1331.278297
-3.726843,92,1332.450392
2.667204,94,1333.685936
-1.657666,10,1334.084471
22.323959,85,1335.192341
-4.008101,66,1336.181745
-1.16107,68,1337.158787
-1.646826,56,1338.043914
5.014401,24,1338.598897
6.894437,38,1339.26784
-0.835258,19,1339.749734
14.332203,62,1340.714663
-1.853342,32,1341.381449
-2.11749,36,1342.035049
0.879237,7,1342.356691
-1.679757,39,1343.04784
2.143713,80,1344.43928
8.683877,63,1345.335372
7.680134,30,1345.871423
9.144438,72,1346.877965
-5.729812,21,1347.328169
-3.406846,44,1348.008758
0.053715,7,1348.343979
-9.062232,42,1349.035695
1.198653,43,1359.502527
1.437069,17,1359.96578
0.913017,12,1360.396822
-3.072894,54,1361.130963
-14.424669,52,1361.906771
1.473018,15,1362.274876
-17.298141,59,1363.15408
2.033941,17,1363.575199
-1.74232,13,1364.007284
1.436669,48,1364.686816
-4.638719,33,1365.262602
0.396229,15,1365.65448
-4.128632,18,1366.082603
6.251861,93,1367.249383
1.687455,88,1368.431426
11.44261,27,1369.007908
-1.864797,41,1369.702309
-2.036416,47,1370.720871
-1.954539,27,1371.239743
-1.732292,24,1371.722217
4.114027,11,1372.04395
6.106852,35,1372.662325
10.20042,60,1373.547836
-3.823937,89,1374.74418
-0.875978,11,1375.05162
0.826888,71,1376.016537
4.401806,33,1376.684489
-0.712794,19,1377.11744
6.025493,35,1377.746889
0.292468,31,1378.276953
2.787134,18,1378.767003
-3.800771,18,1379.233538
-4.11762,75,1380.242543
-1.148924,59,1381.033235
0.813742,49,1381.812169
-2.784545,55,1382.598719
18.436146,61,1383.459636
13.210967,76,1384.451663
7.508943,22,1384.930314
-0.013041,51,1385.690184
0.772801,27,1386.159711
7.248937,54,1386.980597
2.858577,21,1387.763414
-7.343335,27,1388.187566
-3.981103,34,1388.777755
0.260663,23,1389.283039
1.638471,28,1389.836771
9.763348,33,1390.416677
13.452716,69,1391.339937
6.537893,16,1391.758971
5.745518,38,1392.379347
14.030798,61,1393.293371
5.982227,89,1394.516165
-5.306052,18,1394.919658
-0.621589,12,1395.296721
10.745114,58,1396.102827
-4.551404,34,1396.793698
-0.45904,17,1397.222141
-3.977315,44,1397.908892
-0.796077,6,1398.275953
-15.343208,92,1399.47598
5.941031,77,1400.477981
4.936218,56,1401.268978
2.089285,19,1401.735753
-2.055668,42,1402.3549
1.752162,45,1403.065246
12.95597,37,1403.724734
2.971253,28,1404.213239
-5.104944,27,1405.035791
-2.936698,95,1406.244941
2.984557,18,1406.641248
-0.587259,13,1407.004591
16.87827,55,1407.807351
-2.829464,28,1408.307189
0.045453,25,1408.796339
7.865512,50,1409.511844
10.07653,72,1410.444864
-2.199507,26,1411.02451
4.437617,42,1411.683213
1.478647,29,1412.219119
-0.090571,64,1413.175636
0.205442,21,1413.583237
-4.115364,45,1414.261592
-1.63642,12,1414.654688
-6.653281,57,1415.480883
3.855996,44,1416.167537
0.440119,23,1416.658766
2.549701,15,1417.056173
-0.716744,11,1417.440957
12.978659,47,1418.141557
2.053839,49,1418.887275
1.072431,42,1419.596465
-2.495534,30,1420.175522
0.998921,23,1420.637533
1.63695,20,1421.083479
-3.81835,29,1421.635625
9.38484,25,1422.553294
1.640633,36,1423.121717
2.681383,75,1424.126554
-2.663412,31,1424.765644
-3.947707,14,1425.133873
-1.313167,13,1425.518464
-0.072394,17,1425.943378
2.288297,89,1427.10877
-1.976684,30,1427.630787
6.473913,29,1428.185783
-11.730017,72,1429.124503
10.95619,54,1429.909531
-0.327586,11,1430.265199
-2.944356,19,1430.716115
5.807077,22,1431.168055
1.510797,36,1431.831013
2.234594,13,1432.208293
-0.864807,18,1432.594159
-5.59675,89,1433.830793
-1.746454,26,1434.345344
-0.006222,16,1434.737171
-0.53546,25,1435.234007
9.835225,35,1435.778274
2.919185,18,1436.174981
2.550674,15,1436.593897
7.948252,80,1437.651904
-3.502646,29,1438.162268
-0.872916,13,1438.545621
5.091885,21,1438.962214
18.37412,43,1439.661254
6.223822,34,1440.581198
-1.208809,25,1441.095189
-4.419884,26,1441.6777
7.118047,60,1442.511732
-4.108646,46,1443.234332
-8.332943,55,1444.060725
6.119792,36,1444.67222
-2.390067,39,1445.298398
-5.664052,79,1446.356633
-3.079656,30,1446.941448
3.203627,23,1447.390023
6.095102,29,1447.952339
-2.185692,91,1449.153903
-1.563712,29,1449.717885
7.863093,56,1450.50601
-1.816883,59,1451.405787
5.9576,22,1451.90142
-0.508521,16,1452.288754
5.492184,15,1452.717365
5.429777,48,1453.473958
5.494832,27,1453.974657
-0.420937,40,1454.632546
0.692267,27,1455.169142
-3.268368,15,1455.626784
-5.861957,19,1456.136498
-8.581619,33,1456.752412
-7.131598,30,1457.295585
1.856797,41,1457.91116
-1.557474,7,1458.496877
0.769257,18,1458.956092
1.539196,53,1459.725436
7.485717,66,1460.608862
-8.023763,31,1461.132856
3.714301,34,1461.74142
1.203426,10,1462.13288
-7.528156,27,1462.66535
-0.583087,8,1462.994087
-4.875621,23,1463.509142
7.417255,51,1464.236783
-1.449959,29,1464.813456
1.955354,28,1465.390019
-3.352858,48,1466.134825
1.067811,18,1466.569327
-9.207897,74,1467.58657
5.874405,44,1468.268653
17.87782,65,1469.188339
-12.277049,31,1469.751155
5.179364,49,1470.504124
8.13615,42,1471.132929
15.63673,95,1472.310841
1.235271,16,1472.732225
0.901081,33,1473.329639
0.040449,94,1474.510581
-1.296716,43,1475.463414
-3.75974,61,1476.392699
11.458108,94,1477.637997
1.610148,14,1477.979645
-0.183252,40,1478.655151
-7.04995,28,1479.20916
3.075428,16,1479.682179
10.600082,61,1480.567638
1.085814,56,1481.48557
1.129347,22,1481.990227
-2.466042,19,1482.420073
-4.710859,30,1482.916693
4.378156,30,1483.447512
4.892815,23,1483.918458
-18.113369,67,1484.871056
-10.657697,25,1485.353685
8.467733,67,1486.308058
1.23657,21,1486.786742
-1.182827,6,1487.1
0.684119,39,1487.780551
-1.97886,39,1488.394999
-1.274057,83,1489.458603
3.339688,28,1490.011653
0.369138,22,1490.530807
-14.023796,50,1491.220409
11.851939,47,1491.947306
5.124346,20,1492.39304
-4.259959,16,1493.075842
9.24595,72,1494.072194
-2.493867,15,1494.469886
1.293113,36,1495.059553
8.050356,34,1495.628457
3.27911,19,1496.049156
-1.542345,7,1496.35722
-0.487281,38,1496.951795
7.124028,79,1498.031774
1.144153,16,1498.466331
19.930133,69,1499.391618
0.132672,27,1499.929824
3.2538,27,1500.439106
0.709008,16,1500.83265
4.690473,56,1501.612708
-1.037047,54,1502.397812
6.603073,30,1502.937229
3.029938,39,1503.559795
10.229017,91,1504.767427
-1.19216,22,1505.175017
9.041382,69,1506.113492
2.107212,19,1506.553518
-0.227513,19,1506.985149
2.128216,14,1507.343437
-3.657438,34,1507.921434
1.024398,29,1508.426522
-2.548209,13,1508.793509
-4.121574,26,1509.314089
4.29856,45,1510.239702
4.297901,18,1510.650367
4.684006,32,1511.248871
-5.129585,28,1511.756288
2.646694,15,1512.135057
-1.716782,25,1512.701447
22.64322,71,1513.66381
7.541512,38,1514.434671
0.670679,31,1515.052487
21.596573,92,1516.332703
2.869518,43,1517.028531
-4.014657,25,1517.608628
-7.094384,24,1518.0631
-0.08043,27,1518.56258
6.689991,46,1519.278933
4.832494,24,1519.828589
0.734787,40,1520.460604
-1.656089,34,1521.034155
0.522393,74,1521.992829
2.233276,23,1522.488385
-1.06047,31,1523.072903
5.786756,38,1523.693334
-0.211491,24,1524.148286
-2.648182,55,1524.956509
-10.017714,75,1525.99771
4.457184,32,1526.533715
-0.366668,6,1526.851165
-1.992733,31,1527.367357
0.435388,14,1527.732961
-11.401214,52,1528.783245
1.942552,30,1529.342587
-3.374591,10,1529.647903
1.067957,23,1530.152271
-1.316827,19,1536.165246
2.034671,33,1536.724422
-6.666154,44,1537.374646
15.088277,42,1538.101094
-0.166745,38,1538.745833
3.564764,43,1539.426211
5.89584,21,1539.910383
2.46973,9,1540.36709
1.440922,15,1540.75207
-0.836799,23,1541.234229
6.255554,66,1542.171981
0.499842,17,1542.570627
-5.285304,16,1542.987175
-0.361558,38,1543.581119
1.412324,11,1543.964519
1.403184,37,1544.643694
2.458038,42,1545.354113
12.316455,73,1546.335455
2.52038,46,1547.005162
-0.622626,22,1547.433574
0.744731,11,1547.750373
19.632975,86,1548.823055
16.250089,90,1550.022781
0.0219,14,1550.452934
-0.166382,23,1550.916351
5.972029,52,1552.08762
14.672808,37,1552.701787
3.506974,27,1553.213978
-8.971522,41,1553.909957
-2.787864,20,1554.338289
3.624017,37,1555.032934
0.881282,16,1555.44135
-2.219303,15,1555.801484
-0.464269,36,1556.409525
10.81458,54,1557.205307
3.769324,24,1557.737916
-3.082299,57,1558.563618
1.248101,29,1559.063213
0.678109,21,1559.531116
5.102383,22,1559.980346
1.334862,9,1560.336504
7.795756,43,1561.039656
1.152931,25,1561.512201
-1.372787,14,1561.864988
-2.77465,13,1562.246001
1.079719,30,1562.758854
-0.952669,19,1563.180187
-2.37078,44,1563.93495
-6.097706,32,1564.473348
-2.513168,12,1564.845712
-3.392005,16,1565.231914
0.275439,29,1565.788409
1.562925,27,1566.299754
2.441359,50,1566.9819
4.358207,37,1567.612933
3.535092,22,1568.088492
-1.080366,48,1568.786291
-1.522805,94,1569.973986
1.989372,50,1570.992844
1.158877,16,1571.354957
0.370722,28,1571.886542
1.439923,33,1572.436176
-2.589911,23,1572.971429
-0.434788,12,1573.38629
-0.832025,14,1573.729297
1.841307,50,1574.465312
-2.980538,12,1574.857303
-4.705444,53,1575.645967
-0.541216,21,1576.07581
14.714935,93,1577.333863
1.15469,48,1578.10799
-0.412355,38,1578.767592
3.239553,32,1579.40126
-0.659899,18,1579.793497
1.500574,30,1580.366463
-8.484932,52,1581.169312
23.788772,44,1581.858603
-6.972981,30,1582.478563
6.644437,37,1583.048086
-0.066745,41,1583.678367
3.187305,18,1584.136708
9.838833,65,1585.066197
8.424782,39,1585.736678
-0.730626,22,1586.196374
-1.821164,22,1586.711663
-9.522318,45,1587.441894
3.545635,54,1588.523803
-5.315971,35,1589.196097
2.934266,19,1589.595727
0.546478,24,1590.029531
-1.024818,28,1590.580241
-6.998845,21,1591.025093
-0.089897,27,1591.532828
20.628505,38,1592.191636
9.640658,86,1593.366116
-2.716425,71,1594.378877
0.639493,58,1595.229917
6.268562,30,1595.799245
-3.258694,21,1596.256382
2.077537,31,1596.835623
3.529439,24,1597.289014
0.19918,30,1597.844227
-3.577559,69,1598.791113
3.714871,26,1599.309639
8.55409,40,1599.940375
-5.357879,50,1600.693321
1.400765,22,1601.169668
-2.123861,8,1601.49893
11.310645,53,1602.230551
2.695173,24,1602.746498
0.243819,74,1603.756475
-1.095153,38,1604.351059
-1.655499,25,1604.87098
-1.647006,51,1605.976748
-2.638387,14,1606.426659
27.489045,90,1607.755695
1.155741,34,1608.423492
8.435963,65,1609.345062
1.55456,22,1609.840745
9.392657,57,1610.675968
0.909224,44,1611.439433
-0.119828,47,1612.155995
-1.427384,8,1612.525669
1.646803,64,1613.355969
-5.339444,50,1614.089122
-1.723135,23,1614.596218
3.37638,46,1615.352537
-0.04553,35,1616.01963
1.447404,42,1616.670844
0.937965,12,1617.099911
2.850068,19,1617.513393
0.431495,78,1618.553231
3.776139,22,1619.08124
-12.658311,61,1619.945496
3.289588,15,1620.321141
-8.333304,85,1621.380521
-1.069473,22,1621.866384
24.044731,94,1623.410881
24.75992,94,1624.660009
-3.035123,26,1625.173272
2.781962,38,1625.765517
9.076683,76,1626.781868
-4.295075,47,1627.548748
1.732595,29,1628.09925
1.738607,9,1628.416087
2.00913,71,1629.401544
3.70188,32,1630.042554
-3.287518,12,1630.407274
5.637679,29,1630.991951
10.613765,51,1631.81108
-0.926672,54,1632.586235
-0.118814,28,1633.121577
0.154047,24,1633.618342
0.78979,95,1634.802022
-0.512746,9,1635.203324
-4.56902,25,1635.672424
-0.559107,18,1636.102965
16.846782,48,1636.829176
-4.278584,22,1637.292141
9.088512,47,1637.981113
9.051279,92,1639.194422
11.111597,51,1640.255321
1.083575,21,1640.696309
-2.81674,22,1641.193149
-3.470942,35,1641.835102
-0.190138,16,1642.238707
-7.700967,58,1643.067617
-2.129626,22,1643.582242
-0.599871,17,1644.037076
-2.545967,55,1644.848875
1.741723,34,1645.384716
4.918871,51,1646.172727
0.091025,8,1646.458444
20.68138,64,1647.387899
6.231408,26,1647.858274
13.40862,36,1648.461266
3.195865,57,1649.332465
7.940086,71,1650.339782
-6.307865,63,1651.24091
-4.345494,21,1651.718058
-1.545741,12,1652.02308
1.665312,12,1652.410692
-4.624283,42,1653.047714
-0.555741,45,1653.805232
0.237402,19,1654.288183
2.793444,29,1654.845297
6.379158,32,1655.461953
1.498716,7,1655.859906
-7.536942,69,1656.821026
-3.350756,28,1657.37669
-5.675796,41,1658.382433
3.343651,44,1659.185349
1.384636,25,1659.766732
-2.177951,12,1660.134564
-3.502685,58,1660.949967
6.053379,17,1661.327739
0.710468,15,1661.710184
-0.430135,21,1662.133449
3.023566,9,1662.418417
2.425546,34,1662.989971
4.207223,48,1663.745269
0.734613,22,1664.242895
-11.871389,38,1664.831006
-3.789782,42,1665.521362
5.238563,33,1666.081312
1.728915,26,1666.554766
-6.740053,40,1667.18158
1.326186,22,1667.655024
0.187854,30,1668.200608
-7.686285,55,1668.989562
12.280086,40,1669.701301
-2.434212,42,1670.39775
-0.865009,27,1670.933985
-7.845043,61,1671.810999
16.44125,76,1672.91673
0.886927,24,1673.489541
7.897988,40,1674.102193
3.760394,19,1674.528515
1.500062,18,1674.957003
4.575274,54,1675.734021
-1.916108,37,1676.710591
-0.685759,21,1677.12699
11.07466,61,1677.964255
6.295906,44,1678.66618
2.335504,24,1679.086977
4.806162,58,1679.890237
0.764137,21,1680.389815
3.378187,44,1681.128389
15.055188,76,1682.150247
0.277929,16,1682.59704
2.549992,46,1683.261606
-5.874185,42,1683.993461
0.46316,13,1684.43277
13.239898,96,1685.654597
5.001922,64,1686.56487
3.747639,70,1687.582068
-1.343886,41,1688.187293
3.576125,20,1688.584787
15.983359,93,1689.782974
10.062971,36,1690.394448
4.054453,17,1690.851744
6.713639,28,1691.398136
2.96004,22,1691.817679
11.743493,41,1692.522563
-4.181998,41,1693.480574
12.508245,78,1694.533172
5.281889,33,1695.174504
-0.974203,11,1695.567763
0.508978,32,1696.204895
0.203927,12,1696.548386
-3.562594,37,1697.127243
7.462316,21,1697.628199
6.063525,34,1698.266189
4.812933,50,1699.103139
4.164864,56,1699.996243
5.933543,67,1700.899836
4.180785,32,1701.422219
2.611017,24,1701.906112
10.597925,58,1702.791048
8.5661,82,1703.908245
4.973081,24,1704.413701
-6.924564,34,1704.950164
-1.372879,25,1705.45857
3.244554,66,1706.335935
0.22622,9,1706.661839
2.268928,12,1707.040309
-1.35731,34,1707.639409
9.368912,24,1708.090214
5.086061,81,1719.25763
-0.962617,24,1719.731832
3.082162,61,1720.949609
7.189026,47,1721.660513
5.24355,38,1722.344843
3.478061,36,1723.008274
0.396686,9,1723.371128
-1.848757,67,1724.414692
21.081496,93,1725.639656
-0.713478,7,1725.960804
14.022333,32,1726.504887
2.55533,52,1727.284974
-1.94066,20,1727.708537
-0.835829,29,1728.239974
-11.40178,84,1729.449945
9.385935,42,1730.132691
-1.672324,29,1730.649964
-1.356386,16,1731.038752
4.730112,72,1732.070246
19.051564,85,1733.222494
3.53613,18,1733.638836
0.478912,49,1734.364856
2.786947,11,1734.691376
-6.339501,61,1735.586501
-5.713781,25,1736.082171
16.879459,46,1736.806419
0.405899,27,1737.648201
1.070645,32,1738.195147
-6.333862,23,1738.743598
-2.502824,93,1739.969356
22.195846,45,1740.654691
-0.03264,49,1741.395954
-0.608011,93,1742.618981
4.950978,38,1743.335903
10.000338,54,1744.157538
-0.527929,11,1744.537129
-0.688208,19,1745.067584
4.481004,39,1745.754866
2.521921,24,1746.25083
4.808405,27,1746.765059
-6.616028,35,1747.374801
-1.996574,20,1747.863906
10.814582,34,1748.494517
12.522521,53,1749.313952
7.934539,38,1750.000877
11.794391,46,1750.712425
4.905264,36,1751.341403
1.077297,38,1751.98438
-0.795472,19,1752.401804
1.541512,36,1752.965702
-2.235125,23,1753.493097
5.707753,37,1754.142943
-9.840594,38,1754.766029
-2.293696,41,1755.7886
-1.009137,19,1756.273098
-0.445051,7,1756.642323
-1.112542,28,1757.225432
0.472039,13,1757.653025
3.232084,34,1758.205917
2.862415,24,1758.79102
-3.534287,36,1759.337515
2.551399,34,1759.952364
-2.009594,10,1760.362378
1.442504,17,1760.760299
2.492651,90,1762.025103
7.110314,50,1762.81553
5.712026,88,1764.021664
11.637202,48,1764.733734
23.135176,58,1765.595211
-0.169784,16,1766.045298
2.507877,13,1766.403075
0.943026,11,1766.76284
-6.001209,91,1767.928349
5.782178,38,1768.511607
4.412424,54,1769.310391
-0.110255,26,1769.796053
-3.942362,30,1770.305006
6.286878,33,1770.969988
-1.31106,34,1771.589756
-3.2478,11,1771.965044
1.860196,39,1772.592294
-0.380879,26,1773.024132
-1.128951,18,1773.471833
4.62547,27,1774.248921
10.815137,49,1775.026361
9.994411,48,1775.828695
11.252581,70,1776.813904
0.272436,15,1777.239971
-2.490459,46,1777.93586
-3.025735,47,1778.713691
0.686358,19,1779.15961
9.328822,36,1779.838291
-0.320234,24,1780.29607
6.339735,60,1781.179063
-0.195602,16,1781.595015
-4.074069,70,1782.528615
-14.37705,69,1783.464875
21.86306,71,1784.428797
0.679067,23,1784.844977
7.084929,63,1785.722309
-8.921033,84,1786.819571
12.53279,43,1787.546465
3.176923,27,1788.081006
1.307195,47,1788.770633
6.925869,21,1789.230716
-5.877886,36,1789.839169
-2.736711,36,1790.689638
-3.883088,10,1791.053817
4.057273,28,1791.682207
10.502709,44,1792.361993
-1.335831,19,1792.819351
-0.420271,11,1793.254251
0.36522,32,1793.806807
2.462343,51,1794.523128
0.255215,28,1795.079398
-2.957526,32,1795.662039
1.134145,20,1796.149971
-2.772893,27,1796.634154
1.7868,17,1797.10779
-0.056141,22,1797.579091
15.429643,39,1798.22807
-3.515028,40,1798.870762
-0.020578,63,1799.763667
4.189239,19,1800.155084
4.291896,53,1800.972758
-3.296731,45,1801.714087
0.518776,47,1802.454688
-2.720033,41,1803.121356
6.356398,41,1803.744686
-0.464746,34,1804.329071
9.778939,52,1805.060955
3.01148,17,1805.498721
18.362639,86,1806.574761
3.366449,44,1807.201433
-0.995749,44,1808.200206
-0.532145,11,1808.545003
-6.758823,81,1809.598274
-3.822028,30,1810.20821
2.808854,57,1811.000044
10.551654,88,1812.116804
5.397112,12,1812.501055
8.746115,68,1813.408579
-7.504814,50,1814.153973
0.764067,82,1815.188936
-0.210462,23,1815.650584
2.877081,25,1816.194692
1.745621,36,1816.802974
8.931276,64,1817.631336
0.514336,12,1817.975341
4.469686,24,1818.502992
-4.135622,54,1819.348344
1.079227,10,1819.699862
1.792935,7,1819.981127
-1.380965,25,1820.42015
1.711506,25,1820.943947
13.52071,44,1821.621813
-3.328402,11,1821.963134
-1.221011,42,1822.656698
-3.451598,16,1823.033811
3.772392,17,1823.478232
3.886854,79,1824.467337
9.21789,27,1825.007748
0.465857,20,1825.750664
6.596499,20,1826.199955
-0.902045,26,1826.746078
-3.633405,44,1827.380029
7.49477,69,1828.350999
0.496794,24,1828.823135
-1.189978,22,1829.260623
1.852065,25,1829.731833
-14.795129,67,1830.630307
1.815119,20,1831.108055
-0.431811,9,1831.484966
-0.189731,26,1832.031698
9.655649,26,1832.656306
-0.319504,8,1832.975157
-0.550843,36,1833.621665
10.433689,41,1834.236005
-2.915843,63,1835.193229
6.716371,22,1835.66411
2.435613,80,1836.732058
4.802893,19,1837.10068
1.257657,55,1837.856994
-5.364817,32,1838.417353
10.890961,26,1838.962224
10.975851,39,1839.5828
-0.67477,13,1839.922155
-9.406577,53,1840.739224
3.920295,38,1841.377624
-2.903199,22,1841.910258
4.611855,34,1842.543358
-2.852851,10,1842.90221
-15.631015,43,1843.94126
-1.016421,25,1844.412105
-5.732124,48,1845.155813
2.009371,33,1845.773307
1.74103,27,1846.313103
12.476368,49,1847.009381
-2.440601,18,1847.411444
6.151799,48,1848.093628
-0.874795,10,1848.448673
2.596554,22,1848.845112
-1.308811,21,1849.281542
-1.020482,23,1849.788045
4.821849,15,1850.184277
8.895424,32,1850.739761
6.537637,35,1851.289832
0.225852,77,1852.313695
-6.357424,92,1853.517693
9.277174,26,1854.004882
2.668807,33,1854.606081
-3.560917,15,1855.033884
6.098093,26,1855.595292
9.148512,38,1856.231393
1.96301,29,1856.825824
5.48556,39,1857.452211
4.956278,92,1858.714227
-3.968395,56,1859.531628
-7.975881,71,1860.50614
-1.623353,13,1860.904786
8.018319,33,1861.786788
4.206605,34,1862.469094
-2.582496,11,1862.831941
6.816994,28,1863.360054
6.237406,46,1864.028399
-1.617356,8,1864.353435
7.697291,48,1865.089139
2.323433,13,1865.473657
3.468802,19,1865.889089
3.806293,9,1866.266148
-7.24629,25,1866.77405
-0.75594,63,1867.736512
5.524386,21,1868.161703
6.167789,93,1869.341473
2.646681,71,1870.33846
-0.294711,16,1870.769829
-3.857881,21,1871.234364
10.284995,38,1871.801853
-2.149209,12,1872.141336
0.368029,39,1872.75995
-2.842544,22,1873.228213
3.235472,30,1873.796587
-4.25664,19,1874.205095
-0.93163,14,1874.568605
-0.787115,68,1875.585955
1.302782,74,1876.563455
4.936128,37,1877.226771
-1.07199,42,1877.880292
0.970048,19,1878.251423
-4.498119,24,1878.76972
2.96108,34,1879.71575
-3.505699,47,1880.443903
-0.956966,5,1880.704772
-1.131125,35,1881.310204
2.991127,45,1882.004302
-14.859853,61,1882.835246
-5.511685,40,1883.442271
5.007142,26,1884.006247
3.089722,60,1884.900998
4.067159,18,1885.330503
2.172349,32,1885.861065
1.604943,46,1886.53732
5.175637,31,1887.150987
11.170842,94,1888.32457
-8.067095,53,1889.156654
15.956823,53,1889.93384
-2.107669,9,1890.238913
-2.081547,12,1890.62726
6.90575,15,1897.950699
-4.742022,21,1898.444263
1.357327,9,1898.765897
2.140201,16,1899.135623
-2.551461,44,1899.786836
-4.815589,41,1900.452502
7.903583,42,1901.107013
-0.929292,38,1901.777801
-3.622098,22,1902.217098
-3.773735,38,1902.846509
